id,first_name,last_name,email,gender,ip_address
1,Kris,Laboune,klaboune0@statcounter.com,Polygender,18.121.24.11
2,Glennis,Pavitt,gpavitt1@lulu.com,Genderfluid,89.33.50.164
3,Venus,Denniss,vdenniss2@nih.gov,Genderqueer,35.31.113.166
4,Nehemiah,Everitt,neveritt3@netscape.com,Agender,62.128.255.169
5,Keelby,Pawley,kpawley4@infoseek.co.jp,Agender,202.170.125.123
6,Stefanie,Novak,snovak5@china.com.cn,Genderqueer,198.11.38.84
7,Wally,Stollenbeck,wstollenbeck6@unesco.org,Female,58.56.50.35
8,Carolann,Fincken,cfincken7@fda.gov,Bigender,2.228.175.69
9,Jerrold,Cremin,jcremin8@ucsd.edu,Genderfluid,100.85.66.57
10,Mead,Bisp,mbisp9@cmu.edu,Male,162.7.89.16
11,Thadeus,Cumpsty,tcumpstya@bloglovin.com,Female,67.127.246.21
12,Deloris,Corzor,dcorzorb@mayoclinic.com,Genderqueer,136.125.79.168
13,Kayla,Jaze,kjazec@blogs.com,Bigender,251.132.251.253
14,Rocky,Bedbrough,rbedbroughd@amazon.com,Polygender,155.172.171.79
15,Kathrine,Cranmere,kcranmeree@woothemes.com,Genderfluid,189.155.231.37
16,Adelle,Westpfel,awestpfelf@patch.com,Polygender,169.225.97.76
17,Joel,Haughin,jhaughing@reddit.com,Polygender,20.0.236.216
18,Anastasie,Suche,asucheh@uol.com.br,Agender,231.72.205.226
19,Emmey,Scedall,escedalli@is.gd,Non-binary,244.33.191.148
20,Dorie,Lympenie,dlympeniej@latimes.com,Female,121.9.39.180
21,Ward,MacAlinden,wmacalindenk@wikia.com,Bigender,220.86.232.58
22,Wandis,Brownfield,wbrownfieldl@webeden.co.uk,Female,30.88.1.109
23,Rod,McGahey,rmcgaheym@last.fm,Agender,67.50.240.213
24,Rudolph,Svanetti,rsvanettin@google.de,Female,120.71.167.48
25,Nickey,Deave,ndeaveo@about.com,Male,152.55.121.98
26,Israel,MacGibbon,imacgibbonp@microsoft.com,Male,21.151.129.157
27,Ody,Whittles,owhittlesq@imageshack.us,Genderqueer,166.230.42.254
28,Lorrayne,Raden,lradenr@go.com,Female,221.98.34.14
29,Thaxter,Keyworth,tkeyworths@ebay.co.uk,Female,182.173.40.179
30,Tremayne,Fritchley,tfritchleyt@webeden.co.uk,Female,241.51.116.1
31,Thane,Ballinghall,tballinghallu@craigslist.org,Bigender,41.75.50.214
32,Felizio,Brydone,fbrydonev@cloudflare.com,Genderqueer,93.97.233.255
33,Ian,Limprecht,ilimprechtw@ebay.co.uk,Genderfluid,70.114.10.79
34,Daile,Rumney,drumneyx@cnbc.com,Male,113.208.130.188
35,Jean,Stote,jstotey@rakuten.co.jp,Female,67.63.153.171
36,Chrisse,Kibble,ckibblez@icio.us,Female,168.59.229.117
37,Grace,Hopfer,ghopfer10@tripadvisor.com,Agender,172.167.159.145
38,Roy,Harcombe,rharcombe11@tmall.com,Bigender,92.11.14.138
39,Joanna,Shimmin,jshimmin12@msn.com,Female,204.90.11.28
40,Onida,Hynard,ohynard13@forbes.com,Bigender,243.202.209.2
41,Kelsey,Schwandt,kschwandt14@hc360.com,Genderqueer,194.253.76.211
42,Erskine,Lambersen,elambersen15@earthlink.net,Non-binary,165.186.101.8
43,Ailis,Salamon,asalamon16@blogger.com,Agender,112.40.148.178
44,Jordain,Culverhouse,jculverhouse17@washington.edu,Genderqueer,194.223.105.254
45,Clarinda,Dorrins,cdorrins18@bloglovin.com,Polygender,179.128.136.52
46,Torie,Blackadder,tblackadder19@github.com,Male,224.217.207.134
47,Kameko,Bucktharp,kbucktharp1a@friendfeed.com,Male,254.138.66.248
48,Selinda,Peddar,speddar1b@eventbrite.com,Bigender,182.10.110.24
49,Stefanie,Ostler,sostler1c@privacy.gov.au,Polygender,10.183.146.103
50,Row,Mosson,rmosson1d@xing.com,Bigender,165.174.151.122
51,Jone,Gunning,jgunning1e@themeforest.net,Genderfluid,35.202.99.229
52,Joana,Beecham,jbeecham1f@apple.com,Bigender,122.236.152.181
53,Judith,Ianilli,jianilli1g@icq.com,Agender,174.26.219.217
54,Layla,Burnyate,lburnyate1h@wunderground.com,Polygender,11.62.129.83
55,Kikelia,Pettman,kpettman1i@jigsy.com,Bigender,114.229.79.82
56,Kerwinn,Besemer,kbesemer1j@china.com.cn,Genderfluid,150.13.75.104
57,Brandice,Hearon,bhearon1k@wufoo.com,Male,35.172.193.219
58,Estrella,Mendes,emendes1l@biglobe.ne.jp,Bigender,165.248.237.75
59,Roman,Hoovart,rhoovart1m@freewebs.com,Genderfluid,210.17.246.41
60,Robbin,Jore,rjore1n@latimes.com,Polygender,230.219.67.156
61,Magda,Lounds,mlounds1o@ftc.gov,Agender,87.73.17.202
62,Kirsti,Eldredge,keldredge1p@vk.com,Non-binary,78.109.93.101
63,Rosanna,Coalburn,rcoalburn1q@gizmodo.com,Polygender,128.94.127.145
64,Paola,Checcucci,pcheccucci1r@virginia.edu,Genderfluid,241.213.42.241
65,Reed,Cruess,rcruess1s@barnesandnoble.com,Agender,103.118.4.95
66,Alfonse,Trye,atrye1t@mozilla.com,Genderfluid,221.34.176.204
67,Fabio,Kohrding,fkohrding1u@arstechnica.com,Genderqueer,215.42.13.215
68,Lucas,Barajaz,lbarajaz1v@1und1.de,Non-binary,15.125.128.124
69,Teddy,Lanfear,tlanfear1w@ustream.tv,Female,98.215.169.187
70,Barbi,Blight,bblight1x@typepad.com,Genderqueer,221.137.255.164
71,Romonda,Godley,rgodley1y@joomla.org,Genderqueer,144.183.142.251
72,Chantal,Brantl,cbrantl1z@istockphoto.com,Female,117.168.253.99
73,Zita,Knudsen,zknudsen20@springer.com,Male,18.122.23.103
74,Tamar,O' Donohoe,todonohoe21@mapquest.com,Genderfluid,131.20.75.34
75,Husein,Errey,herrey22@imgur.com,Female,237.221.80.82
76,Rupert,Scutts,rscutts23@patch.com,Female,229.108.219.68
77,Kissee,Peinke,kpeinke24@canalblog.com,Bigender,2.117.163.133
78,Erhart,Pleasance,epleasance25@ibm.com,Female,137.85.3.132
79,Garvy,Sutterfield,gsutterfield26@go.com,Agender,12.131.176.241
80,Kakalina,Aleksashin,kaleksashin27@quantcast.com,Polygender,222.125.41.5
81,Lura,Blackmore,lblackmore28@google.co.jp,Genderqueer,209.242.245.57
82,Blaire,Selcraig,bselcraig29@ibm.com,Female,71.85.235.210
83,Joanne,Campa,jcampa2a@squidoo.com,Polygender,174.214.75.76
84,Ichabod,Raincin,iraincin2b@cnet.com,Non-binary,249.33.12.200
85,Imogen,Priddy,ipriddy2c@ebay.com,Female,75.80.93.151
86,Lorettalorna,Chevins,lchevins2d@youtube.com,Genderfluid,127.185.243.85
87,Jared,Lamcken,jlamcken2e@ovh.net,Female,230.194.56.32
88,Dmitri,Koppelmann,dkoppelmann2f@about.me,Male,31.254.56.42
89,Audie,Garett,agarett2g@artisteer.com,Bigender,252.193.129.140
90,Evvie,Coad,ecoad2h@unc.edu,Polygender,245.242.44.214
91,Tilda,Ellerby,tellerby2i@ibm.com,Female,92.94.115.127
92,Odilia,Espina,oespina2j@usnews.com,Female,30.247.128.229
93,Bard,Mawby,bmawby2k@aol.com,Genderqueer,242.77.117.219
94,Dorree,Bathersby,dbathersby2l@ow.ly,Genderqueer,158.132.115.24
95,Douglas,Natalie,dnatalie2m@yahoo.co.jp,Bigender,122.31.61.249
96,Neda,Hemmingway,nhemmingway2n@npr.org,Bigender,163.228.238.184
97,Lowell,Cherryman,lcherryman2o@mozilla.org,Non-binary,212.92.94.220
98,Zonda,Seal,zseal2p@newyorker.com,Agender,222.57.191.153
99,Gianna,Wallace,gwallace2q@barnesandnoble.com,Male,95.178.168.30
100,Cory,Gaskell,cgaskell2r@1688.com,Polygender,241.125.103.25
101,Leila,Mauser,lmauser2s@hc360.com,Genderfluid,44.58.70.41
102,Camila,Baylay,cbaylay2t@netscape.com,Male,187.3.155.78
103,Adolph,Myrie,amyrie2u@mapy.cz,Female,113.23.8.55
104,Cthrine,Gravell,cgravell2v@myspace.com,Agender,174.198.199.166
105,Coralie,Jenken,cjenken2w@independent.co.uk,Polygender,78.127.81.246
106,Goran,Greenrod,ggreenrod2x@java.com,Genderqueer,145.223.104.205
107,Cyb,Emanuele,cemanuele2y@wsj.com,Genderqueer,219.196.119.66
108,Aubry,Fishbourne,afishbourne2z@salon.com,Non-binary,93.87.190.103
109,Halsey,Wyldes,hwyldes30@wired.com,Polygender,183.160.241.81
110,Junina,Franceschielli,jfranceschielli31@epa.gov,Bigender,252.199.237.199
111,Adolphe,Woolmington,awoolmington32@skyrock.com,Female,155.37.63.205
112,Coreen,Shrimplin,cshrimplin33@timesonline.co.uk,Bigender,30.82.221.223
113,Dov,Cloke,dcloke34@ycombinator.com,Genderfluid,2.232.33.6
114,Maddie,Decourt,mdecourt35@nsw.gov.au,Agender,63.131.79.127
115,Dru,Hulle,dhulle36@surveymonkey.com,Genderfluid,195.73.164.88
116,Mohandas,Ladel,mladel37@home.pl,Bigender,164.194.25.105
117,Egan,Cappleman,ecappleman38@google.de,Male,191.200.241.125
118,Ellwood,Bruhke,ebruhke39@upenn.edu,Genderfluid,5.97.140.101
119,Lenard,Brunker,lbrunker3a@opera.com,Polygender,150.131.94.204
120,Nanci,Lindstedt,nlindstedt3b@multiply.com,Non-binary,230.228.33.71
121,Gibby,Defond,gdefond3c@mlb.com,Female,15.196.182.147
122,Dulce,Tremontana,dtremontana3d@amazon.com,Female,99.220.3.169
123,Hugo,Bentz,hbentz3e@ihg.com,Bigender,180.255.74.55
124,Julie,Corrie,jcorrie3f@google.it,Genderfluid,115.28.126.90
125,Gretta,Galland,ggalland3g@google.com,Agender,160.120.135.19
126,Leeanne,Huxley,lhuxley3h@earthlink.net,Genderqueer,109.137.252.251
127,Tait,Hulburd,thulburd3i@liveinternet.ru,Genderqueer,173.216.11.131
128,Nadia,Schaffel,nschaffel3j@alibaba.com,Agender,137.179.247.15
129,Quintana,Linfitt,qlinfitt3k@arizona.edu,Polygender,145.102.60.125
130,Estrella,Gommowe,egommowe3l@cafepress.com,Agender,147.32.89.92
131,Sylvester,Thrush,sthrush3m@cornell.edu,Genderqueer,21.164.108.237
132,Anna-diane,Bedwell,abedwell3n@histats.com,Female,66.70.64.93
133,Ilysa,Amphlett,iamphlett3o@posterous.com,Polygender,233.80.98.194
134,Fallon,Hanes,fhanes3p@cnbc.com,Non-binary,248.28.54.138
135,Kellia,Dupoy,kdupoy3q@merriam-webster.com,Male,219.191.20.24
136,Clyde,Seeley,cseeley3r@hatena.ne.jp,Agender,124.237.222.241
137,Ferne,Iskow,fiskow3s@java.com,Female,208.86.167.83
138,Stephen,Rosenfarb,srosenfarb3t@nba.com,Genderfluid,28.26.167.91
139,Cindra,Atherton,catherton3u@techcrunch.com,Agender,164.40.152.58
140,Beulah,Etuck,betuck3v@linkedin.com,Non-binary,161.123.169.241
141,Fanni,Tookill,ftookill3w@wisc.edu,Genderfluid,70.209.171.90
142,Audie,Armit,aarmit3x@irs.gov,Male,32.170.112.247
143,Rosa,Marcham,rmarcham3y@huffingtonpost.com,Female,85.13.164.12
144,Kale,Ginnally,kginnally3z@psu.edu,Male,14.19.115.215
145,Susy,Jerrim,sjerrim40@devhub.com,Polygender,15.231.166.38
146,Madlin,Adan,madan41@histats.com,Non-binary,198.83.31.123
147,Rachele,Heaviside,rheaviside42@vinaora.com,Male,158.69.88.143
148,Ulrich,Bidgod,ubidgod43@fotki.com,Polygender,145.57.79.99
149,Maitilde,Isard,misard44@histats.com,Polygender,37.168.80.108
150,Zelma,Dangl,zdangl45@statcounter.com,Non-binary,25.224.191.193
151,Raye,Louche,rlouche46@goodreads.com,Genderfluid,62.200.24.70
152,Georgina,Askey,gaskey47@prnewswire.com,Bigender,55.111.47.233
153,Elmer,Speenden,espeenden48@youtu.be,Genderfluid,117.4.166.65
154,Devonna,Pendergast,dpendergast49@samsung.com,Non-binary,86.7.174.114
155,Rodrick,Rodders,rrodders4a@marketwatch.com,Polygender,219.94.214.215
156,Meir,Slatford,mslatford4b@apple.com,Bigender,190.27.54.181
157,Danie,Cheng,dcheng4c@google.nl,Non-binary,24.50.53.216
158,Mahalia,Wisker,mwisker4d@upenn.edu,Genderfluid,187.170.34.192
159,Dillie,Woodvine,dwoodvine4e@joomla.org,Male,212.239.211.21
160,Max,Coggon,mcoggon4f@ox.ac.uk,Agender,58.0.71.214
161,Harriot,Pattie,hpattie4g@bloglines.com,Male,73.38.116.11
162,Brigg,Attow,battow4h@dedecms.com,Non-binary,239.47.100.101
163,Emmalee,Perrelle,eperrelle4i@netscape.com,Bigender,193.33.28.4
164,Lari,Bridal,lbridal4j@tmall.com,Genderfluid,12.236.53.43
165,Hanson,Winslade,hwinslade4k@cbslocal.com,Genderqueer,185.34.98.202
166,Zola,Connors,zconnors4l@etsy.com,Polygender,0.92.75.65
167,Marijn,Crowther,mcrowther4m@amazonaws.com,Male,241.2.159.97
168,Sophey,Bolt,sbolt4n@meetup.com,Genderfluid,122.181.174.102
169,Alameda,Hamill,ahamill4o@opera.com,Genderfluid,204.149.91.184
170,Dorelia,Harmson,dharmson4p@bandcamp.com,Polygender,195.86.18.98
171,Kimmi,Bosche,kbosche4q@liveinternet.ru,Male,41.154.104.80
172,Svend,Romao,sromao4r@nbcnews.com,Genderqueer,125.152.60.243
173,Davidson,Crowdson,dcrowdson4s@slideshare.net,Genderfluid,45.237.17.49
174,Darb,Yeell,dyeell4t@sitemeter.com,Polygender,122.87.44.121
175,Sophronia,Whild,swhild4u@blogger.com,Non-binary,129.134.46.249
176,Leia,Lettuce,llettuce4v@time.com,Male,98.125.138.25
177,Coriss,Mackinder,cmackinder4w@msu.edu,Agender,196.114.39.45
178,Melodie,Kopacek,mkopacek4x@tmall.com,Bigender,15.13.184.100
179,Mable,Josland,mjosland4y@ed.gov,Bigender,166.107.160.202
180,Nefen,Omand,nomand4z@livejournal.com,Genderqueer,49.178.183.185
181,Hortense,Shoulders,hshoulders50@shareasale.com,Bigender,144.26.121.4
182,Beverley,McCart,bmccart51@comcast.net,Male,154.225.231.25
183,Kathye,Andreas,kandreas52@mayoclinic.com,Bigender,147.198.156.172
184,Shalna,Volcker,svolcker53@nbcnews.com,Genderqueer,77.14.20.103
185,Stacie,Corson,scorson54@msn.com,Bigender,160.178.230.60
186,Pearl,Resdale,presdale55@umich.edu,Polygender,146.179.171.219
187,Hamnet,Pickerill,hpickerill56@nydailynews.com,Female,53.7.210.186
188,Alayne,Scourge,ascourge57@wiley.com,Female,186.75.213.98
189,Sharai,Regan,sregan58@phpbb.com,Polygender,239.33.53.165
190,Marni,Guillond,mguillond59@bigcartel.com,Genderqueer,24.81.145.120
191,Lexis,Libreros,llibreros5a@nyu.edu,Female,176.254.55.2
192,Hettie,Garaway,hgaraway5b@com.com,Male,170.216.223.99
193,Nathanil,Faust,nfaust5c@mlb.com,Agender,247.88.82.138
194,Milt,Pert,mpert5d@pagesperso-orange.fr,Genderfluid,183.96.136.229
195,Hy,Beebee,hbeebee5e@blogspot.com,Genderfluid,13.41.64.80
196,Jeanelle,Ownsworth,jownsworth5f@jugem.jp,Genderqueer,150.245.213.73
197,Tyrus,Tiuit,ttiuit5g@seesaa.net,Genderqueer,169.189.22.33
198,Kimball,Bonney,kbonney5h@netlog.com,Genderfluid,120.223.34.187
199,Lida,Ferrarin,lferrarin5i@businessinsider.com,Agender,241.166.222.238
200,Nicoline,McCrory,nmccrory5j@tuttocitta.it,Non-binary,74.223.170.2
201,Atalanta,Heintsch,aheintsch5k@hatena.ne.jp,Non-binary,216.200.141.213
202,Florance,Bovaird,fbovaird5l@omniture.com,Bigender,213.91.15.89
203,Joyous,Glazier,jglazier5m@sciencedirect.com,Male,60.80.114.206
204,Wilhelmine,Oury,woury5n@mozilla.org,Male,12.240.105.162
205,Leeland,Rutter,lrutter5o@bandcamp.com,Male,135.47.58.73
206,Enrichetta,Moryson,emoryson5p@comcast.net,Female,190.186.228.69
207,Connie,Outibridge,coutibridge5q@meetup.com,Genderqueer,192.37.161.76
208,Ardyth,Cumpton,acumpton5r@free.fr,Bigender,206.133.108.11
209,Karry,Cromack,kcromack5s@gnu.org,Non-binary,93.67.74.12
210,Willi,Marcoolyn,wmarcoolyn5t@trellian.com,Non-binary,236.73.105.95
211,Averyl,Farrin,afarrin5u@histats.com,Genderfluid,152.203.236.122
212,Lyssa,Arnke,larnke5v@si.edu,Agender,155.7.106.211
213,Desi,Sockell,dsockell5w@t.co,Bigender,59.27.212.63
214,Justen,Guiel,jguiel5x@indiegogo.com,Agender,163.138.7.219
215,Karlens,Mulleary,kmulleary5y@marketwatch.com,Agender,159.132.221.177
216,Kelli,McVrone,kmcvrone5z@bloomberg.com,Male,172.24.173.38
217,Yulma,Keenor,ykeenor60@hud.gov,Bigender,149.98.194.251
218,Oby,Andrus,oandrus61@independent.co.uk,Genderqueer,111.124.9.101
219,Matthaeus,Fronks,mfronks62@mtv.com,Genderfluid,125.134.97.246
220,Bertrando,Bickerton,bbickerton63@lycos.com,Genderfluid,206.161.195.173
221,Cariotta,Harkus,charkus64@vkontakte.ru,Bigender,88.125.99.73
222,Gilburt,O'Dwyer,godwyer65@reverbnation.com,Male,80.229.47.162
223,Derron,Claussen,dclaussen66@goodreads.com,Genderfluid,192.235.8.195
224,Lizzie,Van Dale,lvandale67@army.mil,Female,107.31.5.172
225,Delinda,Everest,deverest68@marriott.com,Female,64.173.40.232
226,Sybila,Aris,saris69@hubpages.com,Agender,16.117.240.49
227,Welch,Burgne,wburgne6a@dailymotion.com,Bigender,100.226.74.55
228,Giffer,Sharple,gsharple6b@so-net.ne.jp,Female,4.247.74.146
229,Nicola,Jeffray,njeffray6c@amazonaws.com,Polygender,2.93.10.182
230,Tabbi,Crasswell,tcrasswell6d@ifeng.com,Female,147.92.99.135
231,Merline,Eul,meul6e@europa.eu,Agender,48.80.26.120
232,Mal,Cordey,mcordey6f@ameblo.jp,Agender,50.208.150.153
233,Helaina,Cuffin,hcuffin6g@gravatar.com,Bigender,165.174.138.120
234,Stavros,Fellman,sfellman6h@etsy.com,Male,146.249.152.55
235,Olimpia,Swyndley,oswyndley6i@free.fr,Female,29.253.2.142
236,Cherida,Bown,cbown6j@blogs.com,Non-binary,76.154.119.200
237,Harriette,Fairn,hfairn6k@paypal.com,Non-binary,51.158.152.229
238,Richard,Blything,rblything6l@opensource.org,Agender,110.177.13.186
239,Madlin,Combe,mcombe6m@google.com.br,Non-binary,103.12.37.170
240,Ted,Stuck,tstuck6n@deviantart.com,Polygender,6.34.220.120
241,Rosabel,Kebbell,rkebbell6o@ucoz.com,Female,78.25.116.239
242,Aubree,Boundey,aboundey6p@dmoz.org,Genderqueer,166.31.185.201
243,Stormie,Cornthwaite,scornthwaite6q@foxnews.com,Agender,150.181.34.228
244,Octavia,Lafoy,olafoy6r@spotify.com,Non-binary,122.236.61.210
245,Kikelia,Knappitt,kknappitt6s@clickbank.net,Genderqueer,190.183.147.211
246,Oliy,Tidswell,otidswell6t@dmoz.org,Male,235.71.235.204
247,Madelaine,Bellini,mbellini6u@techcrunch.com,Agender,99.119.210.242
248,Ilyssa,McPhillimey,imcphillimey6v@deviantart.com,Agender,159.159.131.101
249,Jerrie,Gerding,jgerding6w@google.pl,Genderfluid,93.23.62.226
250,Gardner,Peart,gpeart6x@sciencedaily.com,Genderqueer,9.142.84.103
251,Dannie,Reeks,dreeks6y@weibo.com,Non-binary,112.54.66.147
252,Rhiamon,Ockleshaw,rockleshaw6z@sakura.ne.jp,Genderfluid,128.12.223.47
253,Bibbye,Lisciardelli,blisciardelli70@blog.com,Male,161.133.178.179
254,Sisely,Davies,sdavies71@123-reg.co.uk,Agender,79.218.50.191
255,Eleanore,Cotte,ecotte72@alibaba.com,Genderqueer,82.219.35.121
256,Goldarina,Shelborne,gshelborne73@nsw.gov.au,Genderqueer,223.7.10.98
257,Bourke,Seiller,bseiller74@digg.com,Female,247.42.87.89
258,Edita,Wrenn,ewrenn75@umn.edu,Agender,143.160.20.85
259,Allyn,Tott,atott76@com.com,Female,159.129.206.235
260,Penelope,Matley,pmatley77@topsy.com,Male,136.54.161.202
261,Charity,Trowell,ctrowell78@freewebs.com,Bigender,250.130.70.42
262,Bartlett,Dowdle,bdowdle79@si.edu,Polygender,250.214.55.253
263,Goldi,Delgardo,gdelgardo7a@liveinternet.ru,Genderqueer,228.33.125.125
264,Kylen,Giannini,kgiannini7b@symantec.com,Agender,42.249.226.133
265,Gillan,Boadby,gboadby7c@eepurl.com,Genderfluid,177.58.183.201
266,Kelcie,Nurcombe,knurcombe7d@sina.com.cn,Female,240.144.153.47
267,Courtenay,Piggot,cpiggot7e@umn.edu,Genderfluid,168.19.218.224
268,Erna,Rapkins,erapkins7f@arstechnica.com,Female,38.80.192.232
269,Bertrando,Volker,bvolker7g@unblog.fr,Female,40.203.200.2
270,Constantina,Sparshutt,csparshutt7h@yahoo.co.jp,Female,132.221.242.245
271,Ewan,Week,eweek7i@businessinsider.com,Male,216.148.27.150
272,Melitta,Doumerc,mdoumerc7j@issuu.com,Polygender,233.22.26.208
273,Pearce,Jaqueminet,pjaqueminet7k@baidu.com,Non-binary,159.5.23.235
274,Arlen,Weare,aweare7l@goo.gl,Genderfluid,55.12.14.190
275,Minne,Potteridge,mpotteridge7m@smugmug.com,Bigender,53.173.123.94
276,Farly,Dugan,fdugan7n@tinypic.com,Genderfluid,185.104.202.248
277,Elbertine,Lalley,elalley7o@cocolog-nifty.com,Non-binary,95.194.60.161
278,Anne-marie,Danels,adanels7p@dion.ne.jp,Polygender,30.106.168.161
279,Hayden,Kitley,hkitley7q@fotki.com,Polygender,42.201.209.251
280,Addia,Blazeby,ablazeby7r@nhs.uk,Genderqueer,151.171.1.201
281,Eryn,Dumbrill,edumbrill7s@acquirethisname.com,Male,57.161.104.128
282,Pail,Krammer,pkrammer7t@forbes.com,Female,251.114.91.193
283,Halie,Youde,hyoude7u@ameblo.jp,Polygender,128.206.24.50
284,Roanne,Tilliard,rtilliard7v@nba.com,Genderfluid,107.232.216.192
285,Thorstein,Langhorne,tlanghorne7w@dailymail.co.uk,Bigender,95.42.240.216
286,Jeremy,MacGiffin,jmacgiffin7x@cnn.com,Bigender,104.13.192.135
287,Osbert,McCorley,omccorley7y@phpbb.com,Bigender,210.64.91.126
288,Magdaia,Selwyne,mselwyne7z@ehow.com,Non-binary,137.3.1.58
289,Gladys,Piatkow,gpiatkow80@addthis.com,Bigender,11.194.32.201
290,Claudian,McClaurie,cmcclaurie81@un.org,Polygender,219.214.173.50
291,Fancie,Wheelwright,fwheelwright82@samsung.com,Male,103.217.176.93
292,Graham,Buckle,gbuckle83@nasa.gov,Agender,222.91.214.98
293,Florina,Babb,fbabb84@howstuffworks.com,Polygender,219.84.109.52
294,Clarissa,Bottlestone,cbottlestone85@blinklist.com,Female,108.153.19.27
295,Illa,Byway,ibyway86@infoseek.co.jp,Genderfluid,187.153.131.232
296,Kathye,Stabler,kstabler87@g.co,Polygender,93.45.116.40
297,Hildy,Scottrell,hscottrell88@vinaora.com,Male,192.204.16.204
298,Gratia,Olensby,golensby89@archive.org,Female,55.65.41.3
299,Garwood,Kear,gkear8a@addthis.com,Bigender,74.82.46.199
300,Sada,Davison,sdavison8b@mac.com,Genderfluid,68.76.170.203
301,Kip,Mickelwright,kmickelwright8c@de.vu,Polygender,162.211.66.160
302,Ysabel,Sivyer,ysivyer8d@phoca.cz,Genderfluid,122.82.84.7
303,Bidget,Lodder,blodder8e@ning.com,Polygender,13.236.134.244
304,Barrett,Hiley,bhiley8f@chicagotribune.com,Polygender,241.140.148.175
305,Blithe,Gwilt,bgwilt8g@e-recht24.de,Agender,18.145.131.38
306,Bernetta,Rumble,brumble8h@nyu.edu,Bigender,162.127.211.59
307,Erin,Sherer,esherer8i@csmonitor.com,Male,150.50.235.125
308,Alie,Bansal,abansal8j@nps.gov,Bigender,30.36.36.196
309,Lewiss,Knibb,lknibb8k@ycombinator.com,Agender,92.159.68.21
310,Jervis,Tremble,jtremble8l@hp.com,Female,97.226.88.243
311,Nike,Sygrove,nsygrove8m@psu.edu,Male,149.151.206.52
312,Christy,Lapre,clapre8n@comcast.net,Male,194.243.129.91
313,Les,Moan,lmoan8o@google.co.jp,Polygender,21.73.211.52
314,Mischa,Nicely,mnicely8p@oakley.com,Genderfluid,96.37.161.240
315,Mina,Dand,mdand8q@epa.gov,Non-binary,241.187.73.91
316,Taddeo,Arpe,tarpe8r@usa.gov,Bigender,39.134.231.136
317,Carly,Faichnie,cfaichnie8s@deviantart.com,Agender,226.27.191.77
318,Else,Sleney,esleney8t@jalbum.net,Non-binary,16.213.126.169
319,Allegra,McIlwrath,amcilwrath8u@reuters.com,Female,210.156.124.185
320,Julita,Norledge,jnorledge8v@gmpg.org,Polygender,70.37.170.161
321,Jelene,Briscow,jbriscow8w@elpais.com,Genderqueer,160.117.128.125
322,Burg,Burnsell,bburnsell8x@tamu.edu,Genderqueer,203.205.54.250
323,Cathleen,Verralls,cverralls8y@google.cn,Female,58.104.66.233
324,Egan,Woodroofe,ewoodroofe8z@jugem.jp,Polygender,76.253.104.102
325,Morris,Dumbrall,mdumbrall90@tamu.edu,Non-binary,136.101.126.241
326,Jannelle,Rembaud,jrembaud91@posterous.com,Female,234.73.250.215
327,Alphonse,Maskew,amaskew92@toplist.cz,Genderfluid,71.107.216.85
328,Eli,Dyble,edyble93@china.com.cn,Female,73.246.113.14
329,Francklyn,Tully,ftully94@europa.eu,Agender,113.249.60.232
330,Josie,Mussotti,jmussotti95@utexas.edu,Male,113.144.35.33
331,Starlin,Southcomb,ssouthcomb96@dropbox.com,Non-binary,191.185.242.73
332,Tito,Flacknoe,tflacknoe97@woothemes.com,Male,111.94.208.12
333,Hermy,Zanicchelli,hzanicchelli98@imgur.com,Bigender,51.0.157.32
334,Rosanne,Putten,rputten99@guardian.co.uk,Polygender,79.44.241.156
335,Lilia,Schubart,lschubart9a@seattletimes.com,Genderqueer,23.58.141.99
336,Obadiah,Ivashkov,oivashkov9b@youtu.be,Bigender,251.192.114.240
337,Ainslee,Duffie,aduffie9c@friendfeed.com,Bigender,78.234.54.8
338,Robb,Cheale,rcheale9d@foxnews.com,Polygender,112.45.134.84
339,Orelie,Holbury,oholbury9e@wordpress.org,Male,143.252.88.153
340,Selby,Laxtonne,slaxtonne9f@last.fm,Genderfluid,60.180.187.152
341,Byram,Atter,batter9g@phpbb.com,Genderqueer,108.182.188.14
342,Nappie,Maidment,nmaidment9h@elegantthemes.com,Agender,63.177.2.21
343,Jamal,Arrigucci,jarrigucci9i@cnet.com,Genderfluid,176.237.7.88
344,Chaunce,Lampbrecht,clampbrecht9j@amazonaws.com,Genderfluid,12.218.76.62
345,Toma,Crawcour,tcrawcour9k@kickstarter.com,Male,31.136.23.40
346,Dee dee,Rudinger,drudinger9l@tuttocitta.it,Genderqueer,156.197.113.98
347,Lydia,Pantone,lpantone9m@deviantart.com,Bigender,235.89.9.121
348,Isabella,Delnevo,idelnevo9n@foxnews.com,Female,135.5.100.128
349,Haze,Scarr,hscarr9o@prweb.com,Female,68.238.136.20
350,Lorrin,Sygroves,lsygroves9p@hexun.com,Female,118.77.194.228
351,Jeni,Lideard,jlideard9q@go.com,Genderfluid,190.238.49.26
352,Eugen,Schulz,eschulz9r@tinypic.com,Female,252.243.5.210
353,Aubrette,Mollatt,amollatt9s@admin.ch,Non-binary,45.23.220.230
354,Rosanna,Ronaldson,rronaldson9t@pagesperso-orange.fr,Genderqueer,149.32.218.102
355,Wini,Howel,whowel9u@webeden.co.uk,Bigender,68.186.243.10
356,Merrielle,Reisenstein,mreisenstein9v@pinterest.com,Female,60.15.58.148
357,Man,Craise,mcraise9w@addtoany.com,Genderfluid,219.32.30.178
358,Tove,Merrell,tmerrell9x@intel.com,Male,151.94.15.109
359,Claudian,Inett,cinett9y@rediff.com,Polygender,60.210.112.54
360,Erv,Guslon,eguslon9z@soundcloud.com,Bigender,73.173.106.84
361,Muhammad,Landeaux,mlandeauxa0@wsj.com,Bigender,78.230.106.141
362,Gustaf,Austwick,gaustwicka1@netscape.com,Male,229.143.170.45
363,Karleen,Kunes,kkunesa2@studiopress.com,Agender,214.178.191.52
364,Emmalynn,Romaynes,eromaynesa3@blog.com,Bigender,16.10.90.123
365,Arielle,Fenelow,afenelowa4@webeden.co.uk,Agender,212.207.4.6
366,Brent,Scola,bscolaa5@independent.co.uk,Polygender,180.21.17.159
367,Kylynn,Biford,kbiforda6@wufoo.com,Male,220.190.28.126
368,Pooh,Anthiftle,panthiftlea7@hp.com,Bigender,252.251.8.53
369,Clay,Hempshall,chempshalla8@cargocollective.com,Genderqueer,41.98.7.202
370,Jolynn,Ovitts,jovittsa9@godaddy.com,Male,81.175.191.152
371,Ryon,Spinnace,rspinnaceaa@webs.com,Non-binary,163.226.199.13
372,Denney,Braferton,dbrafertonab@msn.com,Male,156.204.27.142
373,Mose,Virgin,mvirginac@shareasale.com,Genderfluid,188.75.70.123
374,Fara,Westover,fwestoverad@usnews.com,Male,20.168.211.63
375,Mair,Arghent,marghentae@nhs.uk,Genderqueer,61.182.102.30
376,Jessey,Monini,jmoniniaf@cornell.edu,Agender,119.169.178.50
377,Titus,Panther,tpantherag@unblog.fr,Genderqueer,4.230.144.173
378,Clive,Guiduzzi,cguiduzziah@wunderground.com,Male,63.248.174.137
379,Helenelizabeth,Dikles,hdiklesai@reddit.com,Non-binary,164.10.104.29
380,Corie,Derill,cderillaj@amazon.com,Genderqueer,1.241.119.124
381,Solly,Bethell,sbethellak@wikispaces.com,Genderqueer,229.75.239.251
382,Isadore,Rue,irueal@noaa.gov,Polygender,161.160.234.207
383,Davida,Jindrich,djindricham@hostgator.com,Female,226.127.207.81
384,Dee dee,Riggs,driggsan@businesswire.com,Polygender,58.157.148.14
385,Minetta,Dibdall,mdibdallao@scribd.com,Genderqueer,206.245.138.35
386,Wadsworth,Mence,wmenceap@blogspot.com,Polygender,125.201.170.75
387,Chrysa,Dudley,cdudleyaq@t-online.de,Polygender,29.188.66.236
388,Barrie,Baalham,bbaalhamar@linkedin.com,Genderqueer,253.214.197.51
389,Truda,Beardsley,tbeardsleyas@youku.com,Male,14.227.162.181
390,Derick,Foottit,dfoottitat@chicagotribune.com,Bigender,226.79.181.16
391,Isacco,Greatorex,igreatorexau@army.mil,Genderfluid,223.91.210.63
392,Jamesy,Ledbetter,jledbetterav@mozilla.com,Female,245.134.244.28
393,Elnar,Beniesh,ebenieshaw@scientificamerican.com,Non-binary,194.71.131.54
394,Thomasine,Ullock,tullockax@netlog.com,Polygender,10.184.95.100
395,Eberto,McSaul,emcsaulay@technorati.com,Genderfluid,41.126.77.20
396,Mora,Dimblebee,mdimblebeeaz@devhub.com,Genderfluid,249.97.58.163
397,Morgana,Chestnut,mchestnutb0@ucoz.com,Bigender,34.246.43.36
398,Clarabelle,Rudkin,crudkinb1@cargocollective.com,Non-binary,163.213.199.185
399,Duane,Clemont,dclemontb2@tinypic.com,Bigender,148.110.176.141
400,Hannie,Adair,hadairb3@symantec.com,Female,155.184.222.115
401,Doe,Josiah,djosiahb4@google.pl,Agender,88.187.6.5
402,Huey,Lobb,hlobbb5@unicef.org,Non-binary,5.82.138.165
403,Alyssa,Statter,astatterb6@google.it,Male,84.201.41.179
404,Hobard,Swane,hswaneb7@dedecms.com,Polygender,193.5.212.198
405,Nedda,McCloughen,nmccloughenb8@addtoany.com,Bigender,123.115.223.84
406,Edsel,Kumaar,ekumaarb9@trellian.com,Male,117.135.116.63
407,Amara,Shatliffe,ashatliffeba@intel.com,Agender,205.0.60.167
408,Isadora,Artiss,iartissbb@angelfire.com,Non-binary,31.53.162.69
409,Sybyl,Tatnell,statnellbc@mapy.cz,Genderfluid,125.69.83.222
410,Winifield,Exley,wexleybd@behance.net,Genderqueer,111.53.165.53
411,Axel,Wimbury,awimburybe@behance.net,Female,99.179.212.250
412,Petronia,Batcheldor,pbatcheldorbf@mlb.com,Non-binary,138.164.14.22
413,Johnny,Orpwood,jorpwoodbg@nyu.edu,Non-binary,228.126.178.175
414,Phil,Ramplee,prampleebh@wufoo.com,Male,189.218.6.213
415,Cally,Odd,coddbi@prweb.com,Polygender,141.140.64.64
416,Fayre,Maharg,fmahargbj@google.nl,Polygender,62.97.3.76
417,Meghan,Bromidge,mbromidgebk@psu.edu,Non-binary,51.128.200.9
418,Clevey,Alphege,calphegebl@salon.com,Male,48.57.83.197
419,Raynell,Gear,rgearbm@ucoz.ru,Genderfluid,243.140.17.52
420,Lanie,Lightbown,llightbownbn@icq.com,Genderqueer,99.133.76.116
421,Jacinda,O'Fallowne,jofallownebo@sitemeter.com,Bigender,187.72.213.198
422,Gare,Berriball,gberriballbp@blogspot.com,Female,180.88.72.247
423,Agnesse,Craw,acrawbq@squarespace.com,Non-binary,68.199.97.112
424,Bibbye,McGillivrie,bmcgillivriebr@delicious.com,Female,141.169.35.155
425,Asa,Giorgetti,agiorgettibs@yelp.com,Non-binary,132.205.119.96
426,Hazel,Mazonowicz,hmazonowiczbt@google.cn,Non-binary,73.154.99.48
427,Ellette,Proud,eproudbu@sciencedaily.com,Genderfluid,204.161.35.217
428,Fallon,Fawley,ffawleybv@tmall.com,Polygender,35.115.112.9
429,Germain,Flicker,gflickerbw@un.org,Polygender,102.140.40.155
430,Hedwig,McCarlie,hmccarliebx@exblog.jp,Female,25.223.163.215
431,Stearn,Skeemer,sskeemerby@jiathis.com,Genderqueer,234.88.126.114
432,Sharon,Buller,sbullerbz@123-reg.co.uk,Male,185.79.180.97
433,Levon,Way,lwayc0@google.com.br,Polygender,22.120.16.96
434,Raina,Grenshields,rgrenshieldsc1@typepad.com,Genderqueer,64.61.232.174
435,Yolanda,Fernandez,yfernandezc2@icio.us,Agender,250.15.25.192
436,Ibby,Anthill,ianthillc3@dot.gov,Female,146.123.210.92
437,Tremain,Noury,tnouryc4@rediff.com,Male,32.141.155.45
438,Nikolaus,Gotthard,ngotthardc5@umn.edu,Agender,143.95.45.79
439,Marti,Eggleton,meggletonc6@artisteer.com,Polygender,67.109.24.19
440,Sybyl,Mabone,smabonec7@nih.gov,Agender,71.86.128.187
441,Joaquin,Danieli,jdanielic8@princeton.edu,Male,58.49.215.147
442,Berky,Clayill,bclayillc9@angelfire.com,Male,220.167.121.101
443,Gail,Pykett,gpykettca@blinklist.com,Female,10.200.108.168
444,Jemmy,Pilmoor,jpilmoorcb@desdev.cn,Polygender,99.196.96.206
445,Culley,McCaighey,cmccaigheycc@meetup.com,Polygender,226.136.160.187
446,Bettye,Mosson,bmossoncd@tinypic.com,Polygender,142.196.137.3
447,Daveen,Mullin,dmullince@posterous.com,Polygender,147.94.86.134
448,Else,Parkisson,eparkissoncf@washington.edu,Male,66.156.104.240
449,Randi,Abramovicz,rabramoviczcg@addthis.com,Bigender,220.1.170.247
450,Pippo,Pawsey,ppawseych@businesswire.com,Bigender,68.30.44.166
451,Cami,Dyott,cdyottci@forbes.com,Genderqueer,204.253.96.15
452,Rafaelia,Perford,rperfordcj@webmd.com,Agender,153.26.89.138
453,Ali,Gonneau,agonneauck@issuu.com,Non-binary,25.212.207.138
454,Gabriel,Zammett,gzammettcl@tuttocitta.it,Male,192.51.212.231
455,Percy,Thackham,pthackhamcm@flickr.com,Non-binary,198.111.186.5
456,Brittni,Coldham,bcoldhamcn@irs.gov,Non-binary,233.47.18.209
457,Charo,Sumers,csumersco@patch.com,Polygender,102.4.95.158
458,Letisha,Krink,lkrinkcp@yolasite.com,Female,202.203.223.105
459,Josiah,Fahey,jfaheycq@dion.ne.jp,Genderfluid,94.194.160.137
460,Rheta,Sailer,rsailercr@163.com,Genderqueer,96.182.237.156
461,Kinna,Tomkin,ktomkincs@economist.com,Female,117.211.210.253
462,Marleen,Pendreigh,mpendreighct@nydailynews.com,Male,41.179.29.136
463,Carmencita,Atheis,catheiscu@google.co.uk,Male,166.239.20.41
464,Arty,Boundley,aboundleycv@nature.com,Non-binary,26.160.53.128
465,Matthew,Tungay,mtungaycw@oracle.com,Polygender,120.54.254.58
466,Sindee,Aberdeen,saberdeencx@smh.com.au,Agender,86.77.208.102
467,Gerik,Thickin,gthickincy@netvibes.com,Bigender,112.159.49.21
468,Grover,Welton,gweltoncz@geocities.com,Female,4.72.24.64
469,Archibaldo,Garstan,agarstand0@bravesites.com,Bigender,88.72.228.179
470,Steven,Gentzsch,sgentzschd1@multiply.com,Female,184.115.42.202
471,Mikol,Goundrill,mgoundrilld2@mapquest.com,Male,238.105.254.100
472,Huntlee,Coger,hcogerd3@360.cn,Genderqueer,117.44.67.50
473,Jenelle,Arson,jarsond4@nyu.edu,Non-binary,253.96.123.207
474,Phillie,Schwaiger,pschwaigerd5@tripod.com,Genderqueer,74.36.141.190
475,Nikita,Matterface,nmatterfaced6@cbsnews.com,Non-binary,251.193.218.216
476,Fawne,Maltster,fmaltsterd7@indiatimes.com,Agender,90.196.81.136
477,Gian,Errowe,gerrowed8@tmall.com,Polygender,188.220.107.227
478,Ivette,Rands,irandsd9@jiathis.com,Agender,226.214.254.14
479,Sandy,Ginsie,sginsieda@rediff.com,Bigender,130.249.14.17
480,Leicester,Gusticke,lgustickedb@nyu.edu,Bigender,252.121.148.124
481,Bartholemy,Gerred,bgerreddc@chronoengine.com,Agender,38.231.200.62
482,Shae,Cosgriff,scosgriffdd@businessinsider.com,Genderfluid,191.22.79.54
483,Jedediah,Wollrauch,jwollrauchde@vkontakte.ru,Female,164.193.171.28
484,Grace,Nicholls,gnichollsdf@fc2.com,Genderfluid,138.174.204.252
485,Gideon,Paaso,gpaasodg@ca.gov,Agender,81.239.92.244
486,Heda,Dederick,hdederickdh@ucoz.com,Non-binary,36.217.2.227
487,Bekki,Giacomuzzo,bgiacomuzzodi@reddit.com,Agender,70.5.152.187
488,Melody,Congreve,mcongrevedj@ameblo.jp,Non-binary,23.32.110.241
489,Mickey,Dahill,mdahilldk@histats.com,Bigender,206.4.127.186
490,Aurelea,Elcox,aelcoxdl@yolasite.com,Female,172.186.81.39
491,Freemon,Raccio,fracciodm@mozilla.org,Non-binary,217.12.68.6
492,Anni,Magor,amagordn@house.gov,Female,150.164.68.80
493,See,Polly,spollydo@foxnews.com,Polygender,34.132.59.37
494,Karilynn,Scullion,ksculliondp@usda.gov,Non-binary,58.32.26.53
495,Jervis,Sickamore,jsickamoredq@so-net.ne.jp,Bigender,252.7.42.37
496,Cyndi,Van Velden,cvanveldendr@google.de,Non-binary,133.143.161.41
497,Jere,Desseine,jdesseineds@abc.net.au,Polygender,32.174.242.14
498,Bibbie,Bohin,bbohindt@sfgate.com,Polygender,63.205.110.59
499,Rolf,Buckoke,rbuckokedu@vistaprint.com,Non-binary,166.37.50.217
500,Dilan,Welfare,dwelfaredv@wix.com,Agender,226.245.159.249
501,Donnamarie,McPaike,dmcpaikedw@artisteer.com,Bigender,196.151.65.167
502,Stafani,Curran,scurrandx@reference.com,Non-binary,75.229.192.65
503,Frederic,Durdle,fdurdledy@liveinternet.ru,Genderqueer,133.200.23.128
504,Sydel,Bidewell,sbidewelldz@biglobe.ne.jp,Agender,83.251.55.127
505,Konstance,Brideoke,kbrideokee0@scribd.com,Agender,173.70.158.199
506,Layla,Duckinfield,lduckinfielde1@opera.com,Non-binary,255.152.105.206
507,Hobart,Easton,heastone2@seesaa.net,Non-binary,137.171.149.10
508,Normy,Alabaster,nalabastere3@ed.gov,Male,68.204.140.95
509,Danila,Minnock,dminnocke4@icio.us,Female,104.137.142.83
510,Gillan,Steele,gsteelee5@xing.com,Polygender,63.17.212.34
511,Harvey,Sandy,hsandye6@github.io,Female,175.26.211.68
512,Filberto,Tatersale,ftatersalee7@va.gov,Polygender,246.170.131.147
513,Enos,Marrett,emarrette8@skyrock.com,Female,160.59.22.206
514,Kandy,Serraillier,kserrailliere9@etsy.com,Genderqueer,140.112.34.201
515,Griffin,Clipston,gclipstonea@qq.com,Agender,123.69.255.41
516,Grenville,Delia,gdeliaeb@google.fr,Bigender,44.181.2.114
517,Chadwick,Bumphries,cbumphriesec@soundcloud.com,Genderqueer,168.97.124.164
518,Alastair,Jeannin,ajeannined@behance.net,Genderqueer,137.200.213.243
519,Allistir,Kures,akuresee@soup.io,Genderfluid,228.105.83.85
520,Coletta,Grannell,cgrannellef@google.cn,Genderqueer,92.115.82.243
521,Isobel,Worland,iworlandeg@dion.ne.jp,Bigender,187.12.80.240
522,Maryanna,Maccaddie,mmaccaddieeh@rambler.ru,Genderqueer,195.94.74.100
523,Nancie,Polgreen,npolgreenei@nba.com,Polygender,52.94.83.172
524,Tracee,Hammand,thammandej@mac.com,Female,111.71.185.188
525,Langston,Rickman,lrickmanek@house.gov,Genderqueer,204.104.33.79
526,Garrik,Sterricks,gsterricksel@fastcompany.com,Bigender,58.172.73.203
527,Dionysus,Lumby,dlumbyem@vkontakte.ru,Polygender,118.146.63.225
528,Shandie,Scholling,sschollingen@usnews.com,Bigender,24.56.70.203
529,Marshall,Bestar,mbestareo@deviantart.com,Male,53.45.230.233
530,Arvie,Huxham,ahuxhamep@t.co,Bigender,209.5.248.62
531,Odelinda,Lipprose,olipproseeq@typepad.com,Agender,152.97.69.218
532,Natassia,Laurentino,nlaurentinoer@csmonitor.com,Female,104.156.46.90
533,Mabelle,Bartholomew,mbartholomewes@soup.io,Genderqueer,254.245.27.154
534,Egor,Golton,egoltonet@delicious.com,Female,248.250.180.3
535,Dorthy,Juschka,djuschkaeu@tripadvisor.com,Genderqueer,192.255.219.94
536,Cindee,Skamal,cskamalev@go.com,Male,144.110.118.224
537,Cecil,Tapping,ctappingew@gravatar.com,Agender,19.67.210.79
538,Horace,Elleton,helletonex@prweb.com,Genderfluid,78.7.228.212
539,Terence,Loomis,tloomisey@yelp.com,Non-binary,127.43.105.57
540,Nikolai,Ducaen,nducaenez@hao123.com,Bigender,142.85.90.189
541,Hillery,Russi,hrussif0@naver.com,Agender,127.75.89.66
542,Rustin,Pilgram,rpilgramf1@oracle.com,Male,63.135.171.18
543,Melodie,Rochester,mrochesterf2@gnu.org,Genderfluid,200.9.211.84
544,Lilia,Mc Giffin,lmcgiffinf3@miibeian.gov.cn,Bigender,51.10.212.150
545,Arnoldo,Hansberry,ahansberryf4@gnu.org,Agender,29.34.63.169
546,Skipton,Anten,santenf5@bluehost.com,Genderqueer,26.238.168.91
547,Abey,Bridden,abriddenf6@g.co,Genderqueer,130.132.254.247
548,Misty,Haverson,mhaversonf7@tuttocitta.it,Agender,40.115.53.22
549,Joell,Janc,jjancf8@pbs.org,Agender,249.169.104.127
550,Anstice,Wake,awakef9@accuweather.com,Bigender,125.172.75.11
551,Louie,Yon,lyonfa@businessinsider.com,Genderqueer,178.136.52.119
552,Gerrie,Cottam,gcottamfb@timesonline.co.uk,Female,177.55.175.110
553,Otes,Kinvig,okinvigfc@indiegogo.com,Non-binary,118.153.60.84
554,Petronella,Kanwell,pkanwellfd@sfgate.com,Genderfluid,78.58.179.224
555,Zenia,Rodden,zroddenfe@techcrunch.com,Polygender,201.206.225.237
556,Ernest,Milberry,emilberryff@list-manage.com,Genderfluid,138.237.142.9
557,Conway,Bolmann,cbolmannfg@mozilla.com,Male,98.20.174.25
558,Ediva,Weatherhill,eweatherhillfh@yelp.com,Female,156.239.39.58
559,Florella,Panting,fpantingfi@360.cn,Female,133.232.114.68
560,Tildy,Corse,tcorsefj@deliciousdays.com,Bigender,119.38.105.216
561,Kirbie,Standing,kstandingfk@wufoo.com,Genderfluid,171.63.172.71
562,Franzen,Fitton,ffittonfl@1688.com,Male,68.117.62.165
563,Kacie,Tissiman,ktissimanfm@wunderground.com,Female,85.205.18.70
564,Dorree,Clavering,dclaveringfn@sourceforge.net,Polygender,146.196.148.146
565,Lona,Pancast,lpancastfo@mysql.com,Non-binary,7.140.24.53
566,Renata,Rein,rreinfp@edublogs.org,Polygender,206.138.231.127
567,Linzy,Fulford,lfulfordfq@stumbleupon.com,Non-binary,166.217.48.111
568,Adina,Wilmington,awilmingtonfr@weather.com,Genderqueer,255.89.42.228
569,Carson,Sawood,csawoodfs@moonfruit.com,Non-binary,197.50.92.148
570,Gwen,Myerscough,gmyerscoughft@ameblo.jp,Male,58.5.230.81
571,Xylia,Richardot,xrichardotfu@illinois.edu,Genderqueer,61.119.138.81
572,Saleem,Creaven,screavenfv@cdbaby.com,Bigender,127.244.124.215
573,Melody,Oakhill,moakhillfw@indiegogo.com,Bigender,138.80.130.108
574,Ware,Casterou,wcasteroufx@slashdot.org,Agender,204.243.183.111
575,Thornie,O'Toole,totoolefy@yolasite.com,Agender,227.42.218.0
576,Pansy,Christoforou,pchristoforoufz@bbb.org,Agender,137.30.76.5
577,Aime,Selliman,asellimang0@issuu.com,Male,239.119.28.181
578,Tory,Fransson,tfranssong1@hhs.gov,Polygender,201.55.228.125
579,Merry,Kenward,mkenwardg2@ycombinator.com,Polygender,191.134.124.127
580,Demetre,Gurner,dgurnerg3@ustream.tv,Male,254.148.154.40
581,Brian,Mossop,bmossopg4@parallels.com,Female,179.56.134.230
582,Ulrika,Wenden,uwendeng5@marketwatch.com,Polygender,52.216.23.140
583,Jasun,Wilson,jwilsong6@whitehouse.gov,Genderqueer,211.201.247.210
584,Bill,Duchesne,bduchesneg7@ask.com,Genderfluid,114.88.182.31
585,Theresa,Dives,tdivesg8@dailymail.co.uk,Polygender,147.132.4.229
586,Mildred,Emerton,memertong9@squarespace.com,Genderfluid,218.55.176.55
587,Missie,Shackle,mshacklega@amazon.co.uk,Genderqueer,66.104.27.206
588,Jobye,Sodor,jsodorgb@addtoany.com,Male,177.243.206.69
589,Laryssa,Spawell,lspawellgc@simplemachines.org,Genderqueer,65.30.81.78
590,Lotty,Vardie,lvardiegd@google.com,Female,229.21.82.127
591,Cara,Tewnion,ctewnionge@ameblo.jp,Agender,212.146.191.173
592,Kirby,Eads,keadsgf@naver.com,Bigender,39.245.142.120
593,Theodosia,Borrows,tborrowsgg@mysql.com,Female,194.175.24.50
594,Darya,Houtby,dhoutbygh@comsenz.com,Genderqueer,69.165.227.224
595,Kevan,Fison,kfisongi@xinhuanet.com,Non-binary,153.173.172.52
596,Sawyere,Flaxon,sflaxongj@goo.gl,Polygender,201.74.52.175
597,Hugo,Plumbridge,hplumbridgegk@myspace.com,Non-binary,26.170.92.65
598,Glennis,McDonnell,gmcdonnellgl@naver.com,Female,133.189.32.22
599,Olivie,Gaule,ogaulegm@rambler.ru,Non-binary,92.204.223.58
600,Cris,Mindenhall,cmindenhallgn@alexa.com,Agender,86.166.59.153
601,Portia,McKew,pmckewgo@jigsy.com,Genderfluid,116.141.202.93
602,Claus,Dibsdale,cdibsdalegp@arstechnica.com,Male,59.112.163.244
603,Bev,McHaffy,bmchaffygq@opensource.org,Genderqueer,132.238.15.78
604,Cobbie,Snaith,csnaithgr@mapy.cz,Genderfluid,199.155.159.90
605,Prisca,Thams,pthamsgs@yellowpages.com,Male,118.185.103.81
606,Rab,Tudbald,rtudbaldgt@blogs.com,Genderqueer,32.35.206.243
607,Gilli,True,gtruegu@sciencedaily.com,Non-binary,10.133.228.151
608,Lanae,Wickwarth,lwickwarthgv@time.com,Bigender,15.101.52.78
609,Dominik,Mohan,dmohangw@wikipedia.org,Non-binary,147.133.120.60
610,Beauregard,Slora,bsloragx@google.it,Agender,207.245.254.167
611,Hildegaard,Iddy,hiddygy@wordpress.com,Male,80.202.53.102
612,Milli,Palffrey,mpalffreygz@imgur.com,Polygender,76.100.157.64
613,Edouard,Lennie,elennieh0@latimes.com,Genderfluid,77.22.116.253
614,Aldrich,Vlasyuk,avlasyukh1@123-reg.co.uk,Polygender,42.49.238.86
615,Angil,Domini,adominih2@furl.net,Bigender,219.109.78.235
616,Willette,Killimister,wkillimisterh3@walmart.com,Genderfluid,60.116.35.75
617,Eba,Ranner,erannerh4@photobucket.com,Female,42.161.242.108
618,Andrew,Piggrem,apiggremh5@webs.com,Non-binary,165.51.195.63
619,Paige,Gillions,pgillionsh6@live.com,Male,254.15.115.169
620,Arly,Elfitt,aelfitth7@cisco.com,Genderqueer,14.119.89.139
621,Albrecht,Mephan,amephanh8@examiner.com,Non-binary,219.77.224.85
622,Amanda,Coggen,acoggenh9@google.nl,Bigender,74.14.179.65
623,Maynord,Poytres,mpoytresha@ed.gov,Bigender,86.159.167.93
624,Tulley,Eydel,teydelhb@chronoengine.com,Non-binary,144.223.16.9
625,Malvin,Keyser,mkeyserhc@umich.edu,Non-binary,33.12.123.159
626,Cally,Briars,cbriarshd@dropbox.com,Male,60.76.183.15
627,Gayleen,Muckart,gmuckarthe@bigcartel.com,Male,10.23.229.15
628,Lennie,Marcinkowski,lmarcinkowskihf@yelp.com,Female,6.251.206.225
629,Juanita,Meth,jmethhg@freewebs.com,Polygender,177.18.53.147
630,Dari,Dundridge,ddundridgehh@theglobeandmail.com,Polygender,63.97.176.31
631,Gabrielle,Wren,gwrenhi@cafepress.com,Male,124.230.49.254
632,Willem,O'Docherty,wodochertyhj@pinterest.com,Polygender,185.109.108.137
633,Georgianne,MacLennan,gmaclennanhk@soundcloud.com,Genderfluid,234.104.134.103
634,Tabbie,Randalson,trandalsonhl@studiopress.com,Female,215.137.161.201
635,Danna,Chismon,dchismonhm@squarespace.com,Agender,146.81.113.68
636,Clint,Feehily,cfeehilyhn@slate.com,Bigender,75.107.111.175
637,Fanni,Rabbitts,frabbittsho@myspace.com,Polygender,99.158.101.56
638,Blaire,Gianulli,bgianullihp@sina.com.cn,Non-binary,177.189.206.208
639,Carma,MacPeice,cmacpeicehq@hp.com,Polygender,39.105.24.122
640,Magnum,Petrillo,mpetrillohr@imageshack.us,Genderqueer,10.194.171.251
641,Jakie,Walne,jwalnehs@alexa.com,Bigender,43.169.102.33
642,Wilbur,Evens,wevensht@youtube.com,Polygender,250.25.51.51
643,Eleonora,Jamrowicz,ejamrowiczhu@comsenz.com,Genderfluid,49.127.179.64
644,Stearn,Stenton,sstentonhv@paginegialle.it,Genderqueer,5.163.136.107
645,Lonny,Vacher,lvacherhw@yale.edu,Female,109.163.75.182
646,Adrienne,Sandell,asandellhx@tmall.com,Bigender,214.42.236.98
647,Marcille,Chaters,mchatershy@abc.net.au,Non-binary,85.170.40.87
648,Dermot,Voas,dvoashz@last.fm,Non-binary,212.7.201.33
649,Illa,Ince,iincei0@xrea.com,Female,251.207.73.101
650,Fulton,Goodinge,fgoodingei1@wiley.com,Genderfluid,133.108.252.243
651,Sanford,Dienes,sdienesi2@t-online.de,Female,190.127.144.70
652,Tom,Tiernan,ttiernani3@sohu.com,Female,209.62.184.26
653,Riobard,Maddern,rmadderni4@webnode.com,Bigender,138.111.184.147
654,Ambur,Tonn,atonni5@sogou.com,Agender,94.97.90.190
655,Jarrett,Glennon,jglennoni6@reuters.com,Female,233.4.170.208
656,Benedicta,Killshaw,bkillshawi7@quantcast.com,Non-binary,217.140.221.194
657,Kendrick,O'Sullivan,kosullivani8@weebly.com,Male,159.213.145.37
658,Weylin,Shoebrook,wshoebrooki9@marketwatch.com,Non-binary,48.175.5.229
659,Sammie,Caldera,scalderaia@buzzfeed.com,Polygender,246.105.196.10
660,Loutitia,Duckworth,lduckworthib@google.ru,Bigender,152.244.75.177
661,Nell,Fynan,nfynanic@soup.io,Genderqueer,230.171.140.102
662,Aloysius,Castillou,acastillouid@washingtonpost.com,Agender,47.72.18.187
663,Bendick,Kubicek,bkubicekie@123-reg.co.uk,Female,195.94.143.129
664,Anselm,Boice,aboiceif@godaddy.com,Genderfluid,7.130.73.125
665,Audrye,O'Leagham,aoleaghamig@rakuten.co.jp,Male,67.42.194.241
666,Bianca,McCardle,bmccardleih@cbslocal.com,Genderfluid,120.244.29.211
667,Roxi,Hasty,rhastyii@shutterfly.com,Non-binary,45.58.201.20
668,Cos,Hepher,chepherij@webnode.com,Female,21.249.76.66
669,Mitzi,Stobbs,mstobbsik@hugedomains.com,Non-binary,107.30.232.41
670,Ignace,Tomsa,itomsail@rambler.ru,Polygender,145.141.153.131
671,Magdalen,Stinson,mstinsonim@wsj.com,Non-binary,227.233.55.229
672,Ilse,Loughren,iloughrenin@blog.com,Male,116.180.254.176
673,Gerianna,Parratt,gparrattio@xinhuanet.com,Agender,248.107.119.133
674,Abbe,Pietasch,apietaschip@google.co.uk,Polygender,234.102.56.199
675,Clemence,Dowbakin,cdowbakiniq@umich.edu,Agender,219.226.180.21
676,Helga,Crocker,hcrockerir@facebook.com,Genderqueer,52.25.238.82
677,Toni,Bartlam,tbartlamis@barnesandnoble.com,Genderqueer,182.136.184.179
678,Moyna,Banbridge,mbanbridgeit@time.com,Male,168.92.176.153
679,Ruggiero,Lumsdaine,rlumsdaineiu@netlog.com,Agender,93.6.226.233
680,Lonny,Mechic,lmechiciv@free.fr,Agender,64.53.149.102
681,Gerome,Yashnov,gyashnoviw@edublogs.org,Genderqueer,11.155.220.150
682,Dulcia,Osbaldeston,dosbaldestonix@desdev.cn,Genderfluid,160.145.245.21
683,Cristian,Langlands,clanglandsiy@ameblo.jp,Female,23.49.244.80
684,Iseabal,Davidescu,idavidescuiz@sciencedaily.com,Polygender,188.214.25.138
685,Nadeen,Elletson,nelletsonj0@pen.io,Genderfluid,120.131.150.206
686,Libbie,Boyan,lboyanj1@cisco.com,Agender,236.0.230.106
687,Rosita,Tatersale,rtatersalej2@constantcontact.com,Non-binary,168.60.55.158
688,Rancell,Dymock,rdymockj3@bizjournals.com,Genderfluid,84.166.196.155
689,Garreth,Lacelett,glacelettj4@cargocollective.com,Female,190.158.190.124
690,Ladonna,Lukianov,llukianovj5@buzzfeed.com,Female,192.91.184.12
691,Josie,Riddall,jriddallj6@buzzfeed.com,Polygender,6.117.135.254
692,Chrisy,Yearne,cyearnej7@topsy.com,Genderqueer,62.41.230.10
693,Lizzie,Innott,linnottj8@ning.com,Genderfluid,142.17.30.60
694,Lilyan,Deeth,ldeethj9@fotki.com,Genderfluid,248.223.97.93
695,Fee,Boldry,fboldryja@vk.com,Agender,13.174.58.146
696,Gwenneth,Quinsee,gquinseejb@noaa.gov,Bigender,122.169.30.175
697,Lianna,Arnowicz,larnowiczjc@ebay.com,Agender,139.197.235.53
698,Selie,Clinton,sclintonjd@opera.com,Non-binary,141.99.133.163
699,Jeffrey,Aslam,jaslamje@businessweek.com,Genderfluid,90.28.152.70
700,Bryan,McCrorie,bmccroriejf@va.gov,Agender,111.177.212.86
701,Karylin,Bennetts,kbennettsjg@fotki.com,Genderqueer,20.254.112.169
702,Martin,Boolsen,mboolsenjh@qq.com,Female,2.228.235.141
703,Hadria,Friary,hfriaryji@booking.com,Agender,171.148.108.116
704,Ervin,Phythean,ephytheanjj@mysql.com,Female,69.228.66.169
705,Florella,McNeillie,fmcneilliejk@twitter.com,Female,70.75.179.32
706,Paolina,Pawlick,ppawlickjl@usnews.com,Genderqueer,121.228.254.17
707,Emmie,Cosslett,ecosslettjm@psu.edu,Non-binary,58.84.58.207
708,Lambert,Duckerin,lduckerinjn@jiathis.com,Female,95.3.217.32
709,Cathrin,Spur,cspurjo@mediafire.com,Genderqueer,195.13.122.146
710,Melody,Huke,mhukejp@goo.gl,Agender,159.59.184.35
711,Ingar,Snaddon,isnaddonjq@unesco.org,Polygender,41.64.75.23
712,Talia,Storrier,tstorrierjr@berkeley.edu,Male,217.121.99.195
713,Othello,Staggs,ostaggsjs@woothemes.com,Genderqueer,72.188.96.107
714,Joana,Zanre,jzanrejt@skyrock.com,Female,127.92.199.38
715,Harriot,Sturm,hsturmju@abc.net.au,Genderfluid,96.248.136.42
716,Alphonso,Greenman,agreenmanjv@ask.com,Non-binary,127.124.71.158
717,Vale,Dinley,vdinleyjw@cornell.edu,Genderfluid,139.166.178.224
718,Martyn,Finneran,mfinneranjx@google.pl,Polygender,23.106.63.116
719,Stacy,MacNeil,smacneiljy@adobe.com,Genderqueer,138.116.244.247
720,Olin,McCadden,omccaddenjz@icq.com,Genderfluid,212.78.13.118
721,Neysa,Abeles,nabelesk0@huffingtonpost.com,Non-binary,23.140.144.102
722,Cornie,Pighills,cpighillsk1@zimbio.com,Bigender,51.167.248.44
723,Daryle,Whitford,dwhitfordk2@mtv.com,Agender,249.129.139.202
724,Loralee,Udale,ludalek3@mashable.com,Polygender,236.218.212.174
725,Mac,Daniells,mdaniellsk4@geocities.com,Male,46.142.31.136
726,Danila,Lambswood,dlambswoodk5@freewebs.com,Polygender,163.32.147.255
727,Leigha,Suermeier,lsuermeierk6@g.co,Non-binary,238.103.98.98
728,Marsh,Hurtic,mhurtick7@gravatar.com,Non-binary,87.135.102.57
729,Emmerich,Pym,epymk8@amazon.com,Female,131.65.126.201
730,Reba,Scapens,rscapensk9@jalbum.net,Non-binary,221.69.76.229
731,Betty,Malicki,bmalickika@google.com,Non-binary,41.218.18.58
732,Lorette,Cooch,lcoochkb@elegantthemes.com,Polygender,241.166.188.188
733,Erny,Dwane,edwanekc@live.com,Non-binary,131.241.105.50
734,Monro,McClenan,mmcclenankd@europa.eu,Female,193.177.60.88
735,Titos,Jaxon,tjaxonke@wikispaces.com,Agender,176.116.158.251
736,Yves,Pimlett,ypimlettkf@sbwire.com,Male,179.30.233.80
737,Mathian,Westgarth,mwestgarthkg@abc.net.au,Polygender,88.80.182.130
738,Christi,Westman,cwestmankh@hc360.com,Genderqueer,189.231.14.79
739,Reggie,Stelli,rstelliki@stumbleupon.com,Agender,37.137.249.209
740,Blythe,Corradeschi,bcorradeschikj@wordpress.org,Genderfluid,103.161.28.15
741,Gradey,Bane,gbanekk@parallels.com,Non-binary,165.64.69.134
742,Aleen,Warrington,awarringtonkl@netvibes.com,Agender,139.147.98.52
743,Randi,Marryatt,rmarryattkm@usatoday.com,Female,124.194.123.200
744,Adrian,Bartaloni,abartalonikn@indiatimes.com,Polygender,221.205.189.252
745,Jeddy,Tong,jtongko@ning.com,Polygender,209.65.47.161
746,Krissie,Applewhite,kapplewhitekp@wordpress.org,Agender,109.118.125.136
747,Faythe,Micklewright,fmicklewrightkq@sfgate.com,Genderfluid,195.52.189.62
748,Silvia,Spilstead,sspilsteadkr@state.gov,Non-binary,231.232.7.104
749,Latrina,Toffler,ltofflerks@sohu.com,Genderqueer,189.149.222.198
750,Maryanna,McMenamin,mmcmenaminkt@flickr.com,Agender,43.251.20.166
751,Muffin,Leport,mleportku@nationalgeographic.com,Male,165.137.72.105
752,Rozanna,Adolphine,radolphinekv@shop-pro.jp,Genderqueer,12.184.34.253
753,Kaspar,Baldree,kbaldreekw@simplemachines.org,Genderfluid,55.180.182.180
754,Ardys,Scholtis,ascholtiskx@so-net.ne.jp,Non-binary,204.199.55.239
755,Vivien,Watchorn,vwatchornky@nyu.edu,Bigender,165.15.147.208
756,Ulrika,De Lacey,udelaceykz@cdbaby.com,Polygender,17.205.65.73
757,See,MacNeely,smacneelyl0@ucoz.com,Bigender,203.4.167.234
758,Anastasie,O'Leagham,aoleaghaml1@webeden.co.uk,Bigender,47.9.182.113
759,Adrian,Munns,amunnsl2@studiopress.com,Polygender,168.32.220.216
760,Audrie,Straneo,astraneol3@hostgator.com,Male,9.232.86.242
761,Eldredge,Fancett,efancettl4@bing.com,Genderfluid,24.147.128.249
762,Birgit,Layhe,blayhel5@skyrock.com,Non-binary,147.187.116.196
763,Pet,Lebreton,plebretonl6@harvard.edu,Bigender,58.144.219.198
764,Kalle,Shalcros,kshalcrosl7@columbia.edu,Male,42.247.54.107
765,Fernandina,Wondraschek,fwondraschekl8@scientificamerican.com,Male,116.32.148.241
766,Alyss,Cejka,acejkal9@pagesperso-orange.fr,Agender,42.193.229.80
767,Kenny,Vaszoly,kvaszolyla@feedburner.com,Agender,157.217.165.131
768,Elaina,Week,eweeklb@cargocollective.com,Genderfluid,134.96.194.142
769,Chadd,Thorius,cthoriuslc@tumblr.com,Non-binary,158.186.222.83
770,Kata,Grunson,kgrunsonld@stumbleupon.com,Genderqueer,156.174.125.54
771,Courtnay,Dinnies,cdinniesle@independent.co.uk,Non-binary,16.90.176.185
772,Laural,Bolding,lboldinglf@quantcast.com,Non-binary,102.60.82.117
773,Ingaborg,Marthen,imarthenlg@gizmodo.com,Genderqueer,225.249.65.174
774,Siouxie,Fensome,sfensomelh@ihg.com,Female,110.136.154.222
775,Orsola,McLanachan,omclanachanli@apple.com,Genderfluid,132.32.108.9
776,Erastus,Skelhorn,eskelhornlj@xing.com,Polygender,77.12.219.33
777,Haleigh,Newlin,hnewlinlk@cnbc.com,Male,140.43.50.139
778,Russell,Nansom,rnansomll@nationalgeographic.com,Non-binary,30.218.206.54
779,Aviva,Trusler,atruslerlm@narod.ru,Non-binary,208.2.152.122
780,Mile,Ablitt,mablittln@mapy.cz,Female,107.211.243.180
781,Gustave,Pentony,gpentonylo@jalbum.net,Female,146.22.76.83
782,Chadwick,Ciccotti,cciccottilp@yelp.com,Agender,107.24.177.200
783,Elise,Pischel,epischellq@multiply.com,Polygender,143.188.219.0
784,Penelope,Haggett,phaggettlr@netlog.com,Polygender,63.81.247.173
785,Rodger,Winny,rwinnyls@bluehost.com,Genderqueer,152.165.169.197
786,Adrianna,Luckham,aluckhamlt@unicef.org,Bigender,14.161.222.43
787,Sharron,Titcom,stitcomlu@behance.net,Female,152.41.202.90
788,Aliza,Threlkeld,athrelkeldlv@behance.net,Genderqueer,39.230.135.7
789,Mellie,Kennan,mkennanlw@free.fr,Agender,159.62.97.141
790,Shelagh,Lembrick,slembricklx@webs.com,Polygender,127.223.7.196
791,Susana,Igonet,sigonetly@patch.com,Bigender,219.101.114.119
792,Jay,Bodocs,jbodocslz@va.gov,Genderfluid,249.143.163.82
793,Sonia,Keuntje,skeuntjem0@elegantthemes.com,Non-binary,120.120.22.35
794,Christiana,Pistol,cpistolm1@nifty.com,Agender,211.70.90.11
795,Ann-marie,Jutson,ajutsonm2@guardian.co.uk,Bigender,177.140.146.10
796,Bryce,Whittlesee,bwhittleseem3@parallels.com,Female,23.126.142.10
797,Isis,Philliphs,iphilliphsm4@admin.ch,Polygender,248.29.9.224
798,Whit,Potteridge,wpotteridgem5@miitbeian.gov.cn,Genderqueer,152.42.189.84
799,Germaine,Aldous,galdousm6@blogtalkradio.com,Polygender,127.39.87.107
800,Jesus,Dymond,jdymondm7@geocities.jp,Bigender,77.35.189.186
801,Cristen,Duddin,cduddinm8@canalblog.com,Male,3.80.149.38
802,Eddy,Mackieson,emackiesonm9@opera.com,Bigender,59.60.74.229
803,Gardie,Giocannoni,ggiocannonima@ow.ly,Male,28.49.198.55
804,Curt,Scoyles,cscoylesmb@fda.gov,Bigender,27.181.210.64
805,Pascal,Smullen,psmullenmc@flickr.com,Male,171.45.241.71
806,Marisa,Shilling,mshillingmd@japanpost.jp,Genderqueer,1.203.77.254
807,Fiorenze,Burgyn,fburgynme@pagesperso-orange.fr,Polygender,123.253.164.63
808,Xever,Crinion,xcrinionmf@cam.ac.uk,Bigender,10.233.136.182
809,Carl,Shaylor,cshaylormg@skyrock.com,Genderqueer,116.215.96.196
810,Fonz,McArdell,fmcardellmh@ed.gov,Non-binary,185.209.199.224
811,Kalindi,Lezemore,klezemoremi@devhub.com,Polygender,107.245.135.24
812,Shepherd,Maciejak,smaciejakmj@arizona.edu,Genderfluid,224.69.38.29
813,Desmund,Anfosso,danfossomk@sohu.com,Male,238.20.164.247
814,Lory,Nozzolinii,lnozzoliniiml@flickr.com,Bigender,222.73.32.81
815,Jenni,Schapiro,jschapiromm@pen.io,Genderqueer,49.86.38.21
816,Regan,Kersting,rkerstingmn@ox.ac.uk,Genderqueer,76.109.185.92
817,Rabi,Rouge,rrougemo@1688.com,Agender,201.134.71.204
818,Sinclair,Bransom,sbransommp@moonfruit.com,Genderfluid,229.85.13.121
819,Dorice,McGowing,dmcgowingmq@exblog.jp,Genderfluid,72.236.74.20
820,Abbi,Fishwick,afishwickmr@vkontakte.ru,Non-binary,45.54.131.143
821,Amalle,Hastings,ahastingsms@google.nl,Male,104.86.170.146
822,Brinna,Orneles,bornelesmt@cmu.edu,Female,2.206.69.4
823,Licha,Effaunt,leffauntmu@bizjournals.com,Polygender,249.219.219.244
824,Madalyn,Castagneto,mcastagnetomv@vimeo.com,Non-binary,221.81.64.138
825,Lorilee,Skullet,lskulletmw@amazonaws.com,Male,142.17.247.246
826,Eryn,Chapple,echapplemx@ibm.com,Non-binary,77.208.9.44
827,Manfred,Ales,malesmy@plala.or.jp,Male,36.24.78.113
828,Bail,Quantrell,bquantrellmz@alexa.com,Bigender,237.203.78.248
829,Cilka,Terrey,cterreyn0@typepad.com,Non-binary,51.12.133.39
830,Minette,Yerson,myersonn1@timesonline.co.uk,Bigender,214.102.247.154
831,Kingsly,Arlidge,karlidgen2@typepad.com,Female,6.94.132.89
832,Milicent,Maplethorp,mmaplethorpn3@nhs.uk,Male,66.167.138.110
833,Ravi,Springham,rspringhamn4@google.com.hk,Genderqueer,157.196.91.74
834,Ellerey,Popov,epopovn5@timesonline.co.uk,Genderqueer,146.28.160.21
835,Cele,Keniwell,ckeniwelln6@apache.org,Female,242.94.155.173
836,Steffie,O'Mullally,somullallyn7@constantcontact.com,Genderqueer,69.90.251.87
837,Audre,Lopes,alopesn8@google.de,Genderqueer,176.34.89.11
838,Parnell,Mattson,pmattsonn9@skyrock.com,Bigender,162.235.11.67
839,Cathy,Baldocci,cbaldoccina@arizona.edu,Female,103.12.162.33
840,Janela,Nicklin,jnicklinnb@amazonaws.com,Non-binary,1.37.32.125
841,Alonso,Absolon,aabsolonnc@sphinn.com,Agender,10.183.158.3
842,Mariquilla,Nijs,mnijsnd@phoca.cz,Polygender,152.218.174.2
843,Edsel,Filson,efilsonne@discuz.net,Male,81.84.194.159
844,Lettie,Lovelock,llovelocknf@constantcontact.com,Female,109.13.69.227
845,Zaneta,Carthy,zcarthyng@skype.com,Bigender,254.149.109.27
846,Marsha,Kinnard,mkinnardnh@oaic.gov.au,Agender,180.171.163.38
847,Devan,Rhelton,drheltonni@rambler.ru,Genderfluid,3.117.248.217
848,Elenore,Shacklady,eshackladynj@discuz.net,Female,172.121.171.51
849,Napoleon,Ellingsworth,nellingsworthnk@example.com,Genderfluid,204.88.181.218
850,Karney,Benedetti,kbenedettinl@google.co.jp,Polygender,179.92.44.118
851,Ingaborg,Colaton,icolatonnm@icio.us,Genderfluid,176.171.215.22
852,Wait,Sacco,wsacconn@amazon.co.uk,Bigender,30.58.97.189
853,Jocko,Brunnstein,jbrunnsteinno@ehow.com,Polygender,104.205.160.166
854,Shandy,Meriel,smerielnp@naver.com,Male,98.85.73.25
855,Sylvester,Wahlberg,swahlbergnq@gravatar.com,Male,34.63.165.167
856,Bill,Diglin,bdiglinnr@hp.com,Agender,255.127.229.13
857,Imogene,Dabnot,idabnotns@eventbrite.com,Genderfluid,64.106.123.74
858,Lyndsay,Clapperton,lclappertonnt@berkeley.edu,Genderqueer,41.82.246.152
859,Emmerich,Vallerine,evallerinenu@bandcamp.com,Polygender,179.234.134.47
860,Prudy,Sallenger,psallengernv@sun.com,Genderfluid,160.48.192.204
861,Susannah,Perris,sperrisnw@toplist.cz,Bigender,19.118.30.148
862,Yolanda,Lumpkin,ylumpkinnx@mlb.com,Non-binary,43.96.72.184
863,Teodor,Jeeves,tjeevesny@bizjournals.com,Genderfluid,108.11.46.106
864,Akim,Binney,abinneynz@hugedomains.com,Non-binary,97.201.128.200
865,Gare,Forte,gforteo0@prweb.com,Polygender,194.62.56.112
866,Betty,Willowby,bwillowbyo1@usa.gov,Genderqueer,17.101.24.252
867,Camila,Iglesia,ciglesiao2@tripadvisor.com,Polygender,138.229.178.185
868,Reinhold,Fley,rfleyo3@devhub.com,Genderqueer,30.80.121.145
869,Phyllys,Batt,pbatto4@ox.ac.uk,Genderfluid,90.145.41.102
870,Timmie,Lilliman,tlillimano5@cornell.edu,Genderfluid,60.251.85.147
871,Thorndike,Moon,tmoono6@aol.com,Polygender,100.228.3.156
872,Starlene,Forlonge,sforlongeo7@cafepress.com,Non-binary,168.116.217.159
873,Doy,Sirman,dsirmano8@wp.com,Non-binary,57.169.87.228
874,Elnora,Krammer,ekrammero9@forbes.com,Genderfluid,123.156.34.52
875,Vikki,Coggell,vcoggelloa@seattletimes.com,Non-binary,223.117.39.52
876,Marti,Slatford,mslatfordob@usda.gov,Bigender,16.78.25.41
877,Dulcine,Roscher,droscheroc@comsenz.com,Bigender,99.37.244.99
878,Nickolai,Moxom,nmoxomod@dion.ne.jp,Polygender,70.27.227.185
879,Mickie,O'Hengerty,mohengertyoe@usa.gov,Agender,93.209.63.22
880,Halie,Simants,hsimantsof@printfriendly.com,Genderfluid,196.167.62.197
881,Revkah,Gainfort,rgainfortog@ucsd.edu,Bigender,201.198.95.140
882,Tally,Nardoni,tnardonioh@bbb.org,Non-binary,193.55.207.153
883,Tiena,Grocock,tgrocockoi@aol.com,Bigender,96.108.245.42
884,Gabby,Bright,gbrightoj@youku.com,Male,238.193.135.154
885,Othilie,Kamenar,okamenarok@mac.com,Genderqueer,113.50.208.247
886,Homer,Mullineux,hmullineuxol@merriam-webster.com,Genderqueer,157.134.115.250
887,Bel,Georgiev,bgeorgievom@lycos.com,Non-binary,109.36.84.171
888,Selestina,Huyge,shuygeon@vinaora.com,Female,145.68.44.205
889,Asia,Beecham,abeechamoo@mashable.com,Genderfluid,90.96.63.241
890,Wat,Seignior,wseigniorop@chron.com,Genderfluid,10.40.245.246
891,Harmonie,Rodwell,hrodwelloq@yolasite.com,Polygender,191.10.136.92
892,Englebert,Sickamore,esickamoreor@google.cn,Bigender,73.146.16.210
893,Iormina,Wadsworth,iwadsworthos@nyu.edu,Non-binary,178.16.126.110
894,Caprice,Biggs,cbiggsot@omniture.com,Male,53.203.238.77
895,Osgood,Brisker,obriskerou@dmoz.org,Non-binary,184.51.1.134
896,Kaitlin,Challinor,kchallinorov@mayoclinic.com,Bigender,192.79.236.131
897,Chery,Neylan,cneylanow@bravesites.com,Polygender,232.23.241.104
898,Ebeneser,April,eaprilox@1und1.de,Agender,164.184.47.138
899,Timmie,Saffin,tsaffinoy@myspace.com,Polygender,142.135.22.191
900,Linell,Landeg,llandegoz@businessweek.com,Genderfluid,181.21.92.207
901,Tandi,Rawles,trawlesp0@reverbnation.com,Genderqueer,95.200.94.55
902,Edita,Ethington,eethingtonp1@prlog.org,Male,78.48.156.235
903,Letta,Feria,lferiap2@booking.com,Female,233.158.147.241
904,Mallory,Swine,mswinep3@reuters.com,Agender,44.119.139.101
905,Raina,Iaduccelli,riaduccellip4@unesco.org,Bigender,112.59.172.153
906,Dennie,Hollingdale,dhollingdalep5@deviantart.com,Genderfluid,113.47.77.121
907,Jacquelynn,Euston,jeustonp6@vkontakte.ru,Male,18.242.42.130
908,Jamima,Skyme,jskymep7@parallels.com,Polygender,93.54.95.164
909,Elinore,Flieger,efliegerp8@sina.com.cn,Polygender,207.54.224.106
910,Sheridan,Mowsdill,smowsdillp9@craigslist.org,Male,1.172.166.92
911,Nydia,Iskowitz,niskowitzpa@tumblr.com,Polygender,100.37.62.182
912,Janot,Blackway,jblackwaypb@cocolog-nifty.com,Non-binary,69.200.184.233
913,Kirby,Dowber,kdowberpc@hubpages.com,Genderfluid,132.222.11.237
914,Brendin,Sprague,bspraguepd@unc.edu,Female,251.192.194.167
915,Inigo,Stephens,istephenspe@vimeo.com,Bigender,142.179.195.42
916,Emalee,Beddall,ebeddallpf@businesswire.com,Female,56.120.40.69
917,Allissa,Argabrite,aargabritepg@hc360.com,Non-binary,33.59.2.172
918,Karol,Fibbitts,kfibbittsph@narod.ru,Male,152.228.44.134
919,Cortie,Skace,cskacepi@mysql.com,Agender,228.145.26.228
920,Tillie,Cockitt,tcockittpj@shop-pro.jp,Male,212.187.137.79
921,Kiri,Raubenheimer,kraubenheimerpk@skyrock.com,Genderfluid,203.70.130.233
922,Gaston,Lamcken,glamckenpl@yandex.ru,Polygender,203.136.164.129
923,Suzann,Jacobowicz,sjacobowiczpm@google.com,Male,209.217.193.140
924,Delcina,Norree,dnorreepn@linkedin.com,Bigender,164.128.175.252
925,Bernadene,Ankrett,bankrettpo@intel.com,Non-binary,62.144.246.20
926,Dyana,Hagyard,dhagyardpp@prweb.com,Genderfluid,87.145.40.192
927,Massimo,Kitchingman,mkitchingmanpq@weibo.com,Bigender,237.155.119.124
928,Fanchette,Zupo,fzupopr@ted.com,Polygender,146.208.82.139
929,Galvan,Halloran,ghalloranps@so-net.ne.jp,Agender,190.88.126.132
930,Meara,Pettifor,mpettiforpt@xinhuanet.com,Non-binary,56.201.1.125
931,Tina,Kohrding,tkohrdingpu@oakley.com,Genderfluid,87.163.69.165
932,Etti,Pakenham,epakenhampv@123-reg.co.uk,Agender,192.119.193.181
933,Herc,Padberry,hpadberrypw@bravesites.com,Male,60.150.162.48
934,Julita,Tonbridge,jtonbridgepx@spotify.com,Agender,244.37.60.222
935,Niki,Briant,nbriantpy@guardian.co.uk,Male,116.141.212.18
936,Kippy,Fowlie,kfowliepz@indiegogo.com,Agender,169.231.237.28
937,Garnet,Bawdon,gbawdonq0@weebly.com,Bigender,141.76.165.42
938,Rhody,Overel,roverelq1@globo.com,Agender,138.16.54.149
939,Allx,Ghidoli,aghidoliq2@ifeng.com,Bigender,247.230.91.223
940,Shermy,McGruar,smcgruarq3@moonfruit.com,Female,95.13.181.150
941,Rhianna,Olivey,roliveyq4@github.com,Genderqueer,1.137.195.133
942,Irvin,Ismirnioglou,iismirnioglouq5@multiply.com,Polygender,46.218.108.142
943,Tine,Cloutt,tclouttq6@msn.com,Non-binary,115.3.14.46
944,Garfield,Darton,gdartonq7@tripadvisor.com,Agender,218.19.107.48
945,Enriqueta,Ackenhead,eackenheadq8@rambler.ru,Female,181.117.214.19
946,Agace,Guiso,aguisoq9@blogs.com,Genderfluid,9.123.37.75
947,Ellis,Camoletto,ecamolettoqa@ebay.co.uk,Male,161.67.26.94
948,Gaultiero,Essame,gessameqb@scientificamerican.com,Genderfluid,48.6.214.26
949,Rogers,Castillo,rcastilloqc@yandex.ru,Polygender,175.225.107.252
950,Marijo,Langridge,mlangridgeqd@slideshare.net,Bigender,99.21.34.38
951,Nicola,Laverack,nlaverackqe@liveinternet.ru,Female,73.223.153.142
952,Kaye,Dreger,kdregerqf@blogtalkradio.com,Female,85.249.127.6
953,Candis,Rowney,crowneyqg@icq.com,Polygender,189.162.178.239
954,Cash,Stoakes,cstoakesqh@t-online.de,Non-binary,154.191.207.172
955,Clarence,Klosges,cklosgesqi@nature.com,Bigender,172.107.189.175
956,Corena,Sheards,csheardsqj@vistaprint.com,Female,90.255.24.108
957,Angelico,Bockings,abockingsqk@nationalgeographic.com,Male,0.124.124.12
958,Corney,Ander,canderql@fema.gov,Agender,46.80.37.114
959,Aurlie,Streeten,astreetenqm@purevolume.com,Male,220.233.8.135
960,Salim,Baskeyfied,sbaskeyfiedqn@zdnet.com,Female,8.62.108.254
961,Sallee,Imlen,simlenqo@ftc.gov,Genderfluid,65.186.151.184
962,Camila,Brinsden,cbrinsdenqp@phpbb.com,Female,6.115.195.224
963,Bradney,Gotling,bgotlingqq@miibeian.gov.cn,Female,60.160.109.73
964,Staffard,McLarnon,smclarnonqr@nasa.gov,Genderqueer,217.112.75.123
965,Nerita,Snuggs,nsnuggsqs@illinois.edu,Genderqueer,88.140.59.142
966,Annabal,Flaherty,aflahertyqt@dedecms.com,Genderfluid,120.208.122.205
967,Garrik,Bowmaker,gbowmakerqu@google.fr,Polygender,155.188.221.213
968,Reinaldos,Geering,rgeeringqv@phoca.cz,Bigender,142.159.123.175
969,Frank,Birtwhistle,fbirtwhistleqw@illinois.edu,Bigender,154.24.11.33
970,Dunn,Mattheis,dmattheisqx@newyorker.com,Genderqueer,48.128.194.3
971,Izaak,Blackboro,iblackboroqy@oracle.com,Non-binary,213.25.24.232
972,Emalia,Camel,ecamelqz@tinyurl.com,Agender,67.228.205.67
973,Kendal,MacAleese,kmacaleeser0@blinklist.com,Bigender,118.11.40.92
974,Sonny,Pullar,spullarr1@alibaba.com,Non-binary,95.241.96.215
975,Hannis,Herreros,hherrerosr2@scribd.com,Polygender,229.117.253.181
976,Niles,Kingcote,nkingcoter3@dyndns.org,Genderfluid,28.84.137.53
977,Christie,Dollimore,cdollimorer4@ifeng.com,Female,77.173.140.213
978,Minta,Dumper,mdumperr5@biblegateway.com,Agender,142.124.47.60
979,Jobi,Lamanby,jlamanbyr6@amazon.de,Male,119.93.130.230
980,Kellina,Ruoff,kruoffr7@godaddy.com,Genderqueer,32.101.10.63
981,Ketti,Kennard,kkennardr8@moonfruit.com,Agender,108.192.79.76
982,Web,Beardall,wbeardallr9@sbwire.com,Female,184.90.118.217
983,Gene,Leele,gleelera@prlog.org,Genderqueer,148.237.33.167
984,Doll,Ollerenshaw,dollerenshawrb@army.mil,Female,33.70.239.183
985,Maxy,Biasi,mbiasirc@mysql.com,Non-binary,168.199.156.109
986,Stace,Turney,sturneyrd@chicagotribune.com,Genderfluid,107.70.47.43
987,Hyacinthie,Cawdery,hcawderyre@eventbrite.com,Agender,167.208.33.226
988,Adriano,Di Bartolommeo,adibartolommeorf@google.com.au,Agender,24.29.156.122
989,Steven,Sheavills,ssheavillsrg@barnesandnoble.com,Bigender,162.21.55.18
990,Lela,O'Hannay,lohannayrh@mediafire.com,Male,225.249.47.91
991,Norene,Benck,nbenckri@goodreads.com,Genderqueer,153.230.76.185
992,Veronique,Rubertis,vrubertisrj@geocities.jp,Genderqueer,39.32.43.133
993,Caroline,Hesser,chesserrk@mozilla.org,Male,166.110.24.124
994,Serene,Stanmer,sstanmerrl@chicagotribune.com,Genderqueer,4.74.16.238
995,Portie,Flagg,pflaggrm@hhs.gov,Genderqueer,227.24.253.7
996,Ursola,Surmeyer,usurmeyerrn@about.com,Female,194.119.14.45
997,Georgetta,Wyd,gwydro@bbc.co.uk,Bigender,143.61.42.185
998,Millard,Bosley,mbosleyrp@answers.com,Non-binary,86.162.40.146
999,Margi,Comolli,mcomollirq@newyorker.com,Male,200.34.143.23
1000,Fred,O' Concannon,foconcannonrr@hud.gov,Non-binary,249.160.55.65
999,Margi,Comolli,mcomollirq@newyorker.com,Male,200.34.143.23 
994,Serene,Stanmer,sstanmerrl@chicagotribune.com,Genderqueer,4.74.16.238 
