id,first_name,last_name,email,gender,ip_address
1,Kahlil,Woolfitt,kwoolfitt0@state.tx.us,Genderfluid,3.87.152.69
2,Tab,Cordier,tcordier1@ehow.com,Genderfluid,253.136.211.248
3,Mignon,Woolacott,mwoolacott2@newyorker.com,Female,253.62.201.62
4,Francene,Bruhke,fbruhke3@admin.ch,Genderfluid,60.224.71.89
5,Marie-jeanne,Ortner,mortner4@geocities.com,Female,42.182.65.164
6,Templeton,Cran,tcran5@lulu.com,Male,237.228.104.93
7,Philbert,Mc Coughan,pmccoughan6@networkadvertising.org,Genderqueer,145.89.228.49
8,Sandy,Gayle,sgayle7@taobao.com,Genderqueer,219.139.158.235
9,Remy,Boykett,rboykett8@over-blog.com,Polygender,227.80.140.210
10,Waylen,Selbie,wselbie9@cargocollective.com,Female,96.71.123.44
11,Rivi,Yakobovitz,ryakobovitza@cam.ac.uk,Polygender,97.105.2.26
12,Leena,Downgate,ldowngateb@va.gov,Male,160.84.71.122
13,Gusta,Chilles,gchillesc@blog.com,Male,42.126.125.126
14,Juline,Doggart,jdoggartd@tuttocitta.it,Genderfluid,111.77.63.124
15,Eddy,Jorioz,ejorioze@live.com,Female,74.255.122.22
16,Alla,Aguilar,aaguilarf@hhs.gov,Agender,195.214.181.89
17,Pierette,Leyban,pleybang@hc360.com,Genderfluid,34.243.31.20
18,Dalis,Origin,doriginh@ftc.gov,Male,59.233.26.165
19,Addie,Stainson,astainsoni@noaa.gov,Genderqueer,226.196.245.230
20,Almeta,Mawhinney,amawhinneyj@about.com,Genderqueer,15.71.128.170
21,Keenan,Toderbrugge,ktoderbruggek@spotify.com,Agender,62.148.231.231
22,Kimberly,Green,kgreenl@joomla.org,Female,49.144.104.58
23,Isidoro,Winthrop,iwinthropm@tripod.com,Genderfluid,112.75.66.47
24,Grata,Varnham,gvarnhamn@canalblog.com,Genderqueer,51.100.151.80
25,Reinaldos,Worboys,rworboyso@nsw.gov.au,Polygender,41.3.50.178
26,Inesita,Stailey,istaileyp@theguardian.com,Female,243.48.19.144
27,Fanechka,Breckon,fbreckonq@wikispaces.com,Female,108.194.158.92
28,Linet,Cleal,lclealr@i2i.jp,Genderqueer,59.167.249.190
29,Dalia,Myderscough,dmyderscoughs@twitpic.com,Non-binary,221.27.202.49
30,Faydra,Waind,fwaindt@webeden.co.uk,Non-binary,100.69.204.32
31,Quintilla,Verring,qverringu@addthis.com,Genderqueer,43.111.61.37
32,Harlin,Curston,hcurstonv@jimdo.com,Male,48.145.21.188
33,Kippy,Perren,kperrenw@cdbaby.com,Bigender,86.245.60.14
34,Archy,Fice,aficex@msu.edu,Genderqueer,96.46.18.26
35,Gibby,Roddam,groddamy@blogtalkradio.com,Female,173.28.210.250
36,Sheilah,Shieber,sshieberz@wired.com,Male,22.41.182.22
37,Ira,Birtchnell,ibirtchnell10@weather.com,Non-binary,123.36.123.183
38,Gherardo,Basford,gbasford11@github.io,Agender,98.131.156.12
39,Arch,Harbord,aharbord12@cam.ac.uk,Genderfluid,14.247.189.33
40,Tomasina,Bennis,tbennis13@smh.com.au,Male,223.122.166.244
41,Glory,Mingo,gmingo14@about.com,Bigender,43.185.126.243
42,Franz,Fowley,ffowley15@cpanel.net,Bigender,216.239.43.193
43,Neda,Thorowgood,nthorowgood16@51.la,Non-binary,144.141.198.91
44,Tucky,Probetts,tprobetts17@printfriendly.com,Polygender,70.225.5.98
45,Jewell,Catteroll,jcatteroll18@geocities.com,Polygender,123.207.179.6
46,Damita,Alders,dalders19@tinypic.com,Female,177.115.144.148
47,Phylys,Williamson,pwilliamson1a@lycos.com,Agender,78.47.218.75
48,Nolan,McPhillimey,nmcphillimey1b@washingtonpost.com,Bigender,24.242.46.127
49,Fayth,Morsom,fmorsom1c@un.org,Polygender,71.122.83.44
50,Lani,Friskey,lfriskey1d@accuweather.com,Agender,124.130.254.178
51,Ofelia,Shailer,oshailer1e@themeforest.net,Non-binary,162.127.16.159
52,Teena,Skirvane,tskirvane1f@rediff.com,Female,185.164.101.15
53,Ebeneser,Kempshall,ekempshall1g@yelp.com,Female,184.30.122.227
54,Roxi,Henrion,rhenrion1h@redcross.org,Genderqueer,77.123.19.27
55,Jessamyn,Triggol,jtriggol1i@nasa.gov,Genderfluid,175.12.39.83
56,Isidore,Gooly,igooly1j@statcounter.com,Non-binary,208.208.184.213
57,Lu,Diboll,ldiboll1k@yahoo.com,Bigender,14.116.60.73
58,Marlyn,Houndsom,mhoundsom1l@twitpic.com,Polygender,131.187.131.14
59,Nicolette,Kornel,nkornel1m@microsoft.com,Agender,86.227.19.80
60,Teirtza,Pischel,tpischel1n@nba.com,Polygender,130.43.101.46
61,Robenia,Bootyman,rbootyman1o@friendfeed.com,Female,14.152.56.104
62,Michelina,Keynes,mkeynes1p@t.co,Female,153.61.86.133
63,Aeriell,Trigwell,atrigwell1q@washington.edu,Male,124.170.235.210
64,Shurlock,Darlison,sdarlison1r@intel.com,Female,101.146.20.137
65,Griff,Briscoe,gbriscoe1s@amazon.co.uk,Genderqueer,49.148.66.7
66,Lissi,Puckring,lpuckring1t@msn.com,Genderqueer,172.169.63.105
67,Stella,Joicey,sjoicey1u@tmall.com,Polygender,99.129.3.136
68,Izaak,Turbard,iturbard1v@arstechnica.com,Male,92.252.205.122
69,Noach,Workman,nworkman1w@squidoo.com,Genderfluid,178.138.190.194
70,Gaven,Cubuzzi,gcubuzzi1x@creativecommons.org,Male,206.238.74.81
71,Nolan,Albasiny,nalbasiny1y@bandcamp.com,Male,11.194.224.29
72,Ailene,Chaunce,achaunce1z@fc2.com,Bigender,10.71.30.249
73,King,Glasper,kglasper20@a8.net,Male,112.27.245.149
74,Casar,Kinvan,ckinvan21@naver.com,Polygender,205.89.203.137
75,Galvin,Dine-Hart,gdinehart22@miibeian.gov.cn,Genderqueer,16.48.188.111
76,Dedie,Drysdell,ddrysdell23@shareasale.com,Genderqueer,83.42.166.225
77,Nevsa,Buckett,nbuckett24@dell.com,Genderqueer,246.47.56.188
78,Anneliese,Orsman,aorsman25@pinterest.com,Non-binary,152.224.34.36
79,Leda,Brambley,lbrambley26@bravesites.com,Genderfluid,42.98.52.88
80,Reggie,Thomke,rthomke27@oaic.gov.au,Agender,102.197.14.228
81,Lynne,Ladbrook,lladbrook28@squidoo.com,Bigender,247.145.82.206
82,Randolph,Maleney,rmaleney29@si.edu,Male,92.161.39.121
83,Gloria,Cumberpatch,gcumberpatch2a@dailymail.co.uk,Non-binary,239.80.253.19
84,Massimiliano,Kwiek,mkwiek2b@mediafire.com,Genderqueer,96.1.219.217
85,Brittni,Sproul,bsproul2c@wp.com,Genderqueer,181.154.51.227
86,Lucky,Oake,loake2d@theglobeandmail.com,Genderqueer,203.254.51.218
87,Coletta,Aleksandrikin,caleksandrikin2e@yahoo.com,Genderfluid,96.114.164.156
88,Omero,Linnell,olinnell2f@comsenz.com,Female,193.43.236.229
89,Traver,Spittle,tspittle2g@samsung.com,Male,192.122.33.101
90,Robbert,Bradberry,rbradberry2h@theguardian.com,Polygender,36.25.101.166
91,Nicky,Kilford,nkilford2i@zimbio.com,Bigender,149.253.76.117
92,Stinky,Itzhaki,sitzhaki2j@pcworld.com,Polygender,13.176.196.109
93,Toby,Sanbroke,tsanbroke2k@sbwire.com,Polygender,56.7.59.48
94,Kaye,Phelips,kphelips2l@house.gov,Polygender,30.174.14.92
95,Joane,Whight,jwhight2m@jiathis.com,Male,227.138.86.125
96,Shela,Sherwen,ssherwen2n@clickbank.net,Bigender,114.161.81.31
97,Lesley,Dowtry,ldowtry2o@ow.ly,Genderfluid,48.102.12.204
98,Asia,LAbbet,alabbet2p@mail.ru,Female,243.158.153.153
99,Birgit,Tough,btough2q@symantec.com,Male,186.147.243.75
100,Sterling,Fuxman,sfuxman2r@paypal.com,Female,75.159.244.10
101,Tab,MacFarlane,tmacfarlane2s@gravatar.com,Male,153.234.86.151
102,Caron,Mellsop,cmellsop2t@mac.com,Genderfluid,44.51.141.226
103,Sibelle,Passingham,spassingham2u@shutterfly.com,Female,27.233.6.204
104,Mair,Knevett,mknevett2v@github.com,Male,131.207.159.26
105,Brigham,Leinweber,bleinweber2w@typepad.com,Non-binary,154.108.90.189
106,Catherina,Philippsohn,cphilippsohn2x@smh.com.au,Genderqueer,112.125.155.94
107,Cobb,Danbury,cdanbury2y@engadget.com,Agender,202.206.62.207
108,Hali,Clementson,hclementson2z@statcounter.com,Agender,191.96.98.57
109,Lana,Esterbrook,lesterbrook30@marriott.com,Polygender,30.78.80.137
110,Clarance,Burel,cburel31@epa.gov,Genderfluid,238.125.153.111
111,Addia,Broadey,abroadey32@freewebs.com,Agender,203.221.220.1
112,Jayne,Buckwell,jbuckwell33@networkadvertising.org,Non-binary,153.112.210.31
113,Carmella,Stebbing,cstebbing34@wired.com,Male,71.28.6.15
114,Mario,Hadcroft,mhadcroft35@weebly.com,Male,106.28.199.61
115,Aurora,Petigrew,apetigrew36@discuz.net,Genderqueer,94.249.178.218
116,Shurlock,Roft,sroft37@reverbnation.com,Non-binary,226.189.93.204
117,Louisette,Maybery,lmaybery38@nhs.uk,Agender,20.210.119.87
118,Doreen,Paintain,dpaintain39@mtv.com,Genderfluid,28.187.186.216
119,Analiese,Provis,aprovis3a@unblog.fr,Bigender,46.106.176.85
120,Janelle,Learoyd,jlearoyd3b@youtu.be,Agender,133.85.215.88
121,Junina,Leneham,jleneham3c@artisteer.com,Polygender,213.94.199.182
122,Danny,Arrundale,darrundale3d@ox.ac.uk,Non-binary,130.0.210.244
123,Marrilee,Durie,mdurie3e@dion.ne.jp,Male,131.239.54.35
124,Sandy,Meadowcraft,smeadowcraft3f@webs.com,Genderqueer,14.132.116.26
125,Kalina,Bickell,kbickell3g@bbb.org,Polygender,207.241.45.40
126,Aubrey,O'Doherty,aodoherty3h@hugedomains.com,Genderqueer,181.108.204.35
127,Cherish,Saurat,csaurat3i@skyrock.com,Non-binary,28.111.95.43
128,Pen,Jira,pjira3j@businessinsider.com,Polygender,74.9.173.99
129,Gwendolen,Booeln,gbooeln3k@networkadvertising.org,Agender,244.229.145.22
130,Court,Jansens,cjansens3l@last.fm,Male,40.167.165.149
131,Emile,Warwicker,ewarwicker3m@sourceforge.net,Bigender,44.196.33.209
132,Siegfried,Eye,seye3n@timesonline.co.uk,Genderqueer,127.155.156.100
133,Cairistiona,Prickett,cprickett3o@wix.com,Non-binary,39.147.52.152
134,Connie,Melody,cmelody3p@google.ru,Agender,38.39.121.171
135,Paton,Rotherham,protherham3q@spotify.com,Non-binary,62.26.204.235
136,Kirbie,Duffett,kduffett3r@prnewswire.com,Non-binary,208.205.140.175
137,Jyoti,Blaik,jblaik3s@creativecommons.org,Non-binary,44.75.233.145
138,Hadria,Hurl,hhurl3t@wordpress.com,Male,248.59.161.22
139,Barry,Kennealy,bkennealy3u@wikimedia.org,Genderqueer,185.82.85.16
140,Latia,Gourlay,lgourlay3v@dagondesign.com,Genderqueer,170.246.205.133
141,Olag,Solloway,osolloway3w@canalblog.com,Agender,145.236.48.5
142,Roxy,Sillett,rsillett3x@ustream.tv,Polygender,155.40.68.240
143,Moreen,Esel,mesel3y@domainmarket.com,Agender,132.237.118.132
144,Anne-corinne,Ashburner,aashburner3z@nifty.com,Genderfluid,223.138.107.225
145,Lynnelle,Chadburn,lchadburn40@usda.gov,Non-binary,83.101.197.45
146,Maritsa,Rusk,mrusk41@ft.com,Genderqueer,34.199.175.200
147,Jase,Hellin,jhellin42@soundcloud.com,Non-binary,39.225.19.70
148,Scotti,Andreini,sandreini43@blogspot.com,Female,195.78.94.36
149,Kelcy,Hilldrop,khilldrop44@businessweek.com,Polygender,234.162.43.244
150,Flossie,Reolfo,freolfo45@ft.com,Bigender,25.33.255.94
151,Hally,Sollis,hsollis46@soundcloud.com,Bigender,10.208.242.223
152,Ignaz,Peschka,ipeschka47@indiatimes.com,Male,36.0.205.132
153,Rafaela,Piborn,rpiborn48@gnu.org,Non-binary,134.83.130.138
154,Becki,Juliano,bjuliano49@sciencedaily.com,Male,46.203.142.91
155,Rozella,Bessett,rbessett4a@constantcontact.com,Non-binary,14.101.206.33
156,April,De Cruze,adecruze4b@cornell.edu,Non-binary,185.183.220.132
157,Jillian,Worms,jworms4c@timesonline.co.uk,Genderqueer,247.243.135.69
158,Liuka,Jeeves,ljeeves4d@wix.com,Bigender,94.168.138.0
159,Giffard,Millea,gmillea4e@mail.ru,Genderfluid,121.36.133.143
160,Britni,Caulfield,bcaulfield4f@cafepress.com,Female,0.54.254.99
161,Lorenza,Sciusscietto,lsciusscietto4g@live.com,Male,168.237.4.121
162,Jayne,Van Velden,jvanvelden4h@ow.ly,Polygender,150.203.147.143
163,Tracey,Ellerington,tellerington4i@naver.com,Non-binary,207.202.229.141
164,Kirsti,Bracey,kbracey4j@joomla.org,Bigender,55.143.6.90
165,Florette,Fike,ffike4k@globo.com,Genderfluid,168.204.47.120
166,Valentin,MacGow,vmacgow4l@soundcloud.com,Agender,142.39.43.120
167,Doyle,Martinolli,dmartinolli4m@google.nl,Non-binary,28.206.132.76
168,Joli,De Souza,jdesouza4n@slashdot.org,Non-binary,137.133.92.34
169,Grannie,Drewry,gdrewry4o@parallels.com,Non-binary,127.238.51.29
170,Ase,Mundford,amundford4p@gov.uk,Male,19.186.17.46
171,Stanislaw,Ivchenko,sivchenko4q@howstuffworks.com,Male,129.218.186.27
172,Susann,Weigh,sweigh4r@merriam-webster.com,Female,224.172.91.92
173,Ardella,Llewellyn,allewellyn4s@comsenz.com,Genderfluid,2.43.153.143
174,Michael,Agutter,magutter4t@issuu.com,Genderqueer,31.171.109.231
175,Dorian,Dekeyser,ddekeyser4u@geocities.com,Bigender,165.204.132.215
176,Cariotta,Couchman,ccouchman4v@harvard.edu,Female,102.126.251.106
177,Lily,Skipsea,lskipsea4w@omniture.com,Agender,177.218.112.150
178,Dede,Reddish,dreddish4x@etsy.com,Male,190.112.238.125
179,Devlen,Tynemouth,dtynemouth4y@theguardian.com,Agender,50.42.239.2
180,Kelbee,Bedinn,kbedinn4z@illinois.edu,Male,25.26.201.92
181,Georges,Bumpass,gbumpass50@google.ru,Polygender,213.65.210.184
182,Lydie,Hulstrom,lhulstrom51@cisco.com,Genderqueer,30.20.72.71
183,Lulu,McGarrity,lmcgarrity52@clickbank.net,Genderqueer,123.129.27.18
184,Kristyn,Andrusov,kandrusov53@nationalgeographic.com,Male,140.213.194.238
185,Bendite,Robertsson,brobertsson54@un.org,Genderqueer,16.79.65.30
186,Caroline,Humbert,chumbert55@example.com,Genderqueer,143.228.120.155
187,Gherardo,Skiggs,gskiggs56@gravatar.com,Polygender,104.78.102.72
188,Adrianna,Slott,aslott57@unicef.org,Non-binary,237.8.193.164
189,Minnaminnie,Guile,mguile58@tripod.com,Female,241.87.228.71
190,Mayor,Epton,mepton59@mozilla.org,Female,255.147.227.53
191,Clio,MacCaughey,cmaccaughey5a@cbsnews.com,Agender,242.251.48.78
192,Johnette,Cordelle,jcordelle5b@furl.net,Polygender,195.66.120.195
193,Lurline,Scoines,lscoines5c@salon.com,Bigender,41.134.37.49
194,Lianne,Bote,lbote5d@ft.com,Genderqueer,16.21.200.50
195,Errol,Mutton,emutton5e@usa.gov,Agender,139.108.248.24
196,Keri,Polycote,kpolycote5f@google.ru,Male,177.213.160.65
197,Curtis,Sesons,csesons5g@hatena.ne.jp,Non-binary,15.239.2.187
198,Penni,Buzek,pbuzek5h@guardian.co.uk,Polygender,21.128.41.247
199,Mair,Musico,mmusico5i@dyndns.org,Genderqueer,98.48.233.168
200,Christabella,O'Hallihane,cohallihane5j@ft.com,Bigender,61.204.192.11
200,Christabella,O'Hallihane,cohallihane5j@ft.com,Bigender,61.204.192.11
